docId,series,inScope,title,sealSection,sealSectionTitle,subsection,fiscalYear,period,variant,sourceUrl,host,sourceOfRecord,status,httpStatus,retrievedAt,contentType,bytes,sha256,pages,pdfProducer,pdfCreatedAt,pageSize,kind,localPath,extraction,rowsExtracted,checksPassed,checksFailed,rowsAiVerified,notes
far1-2026-q2,far1,true,FY2026,II,Annual Financial Reports,"a. FAR No.1 : SAAOBDB (Statement of Appropriations, Allotment, Obligation, Disbursement and Balances)",2026,Q2,,https://psc.gov.ph/psc_site/wp-content/uploads/2026/07/FY2026_2ndQ_FAR-No.-1.pdf,psc.gov.ph,psc,live,,,,6108588,07332a25acdbac383957cab5c69c046239b62f9d6f33c511d8e3509c04109e70,7,,Thu Jul 23 03:16:49 2026 BST,937.92 x 611.28 pts,,data/raw/far1/2026/far1-2026-q2.pdf,pending,,,,,
far1-2025-q4,far1,true,FY 2025,II,Annual Financial Reports,"a. FAR No.1 : SAAOBDB (Statement of Appropriations, Allotment, Obligation, Disbursement and Balances)",2025,Q4,,https://psc.gov.ph/n4321/wp-content/uploads/2026/03/FAR-1_4thQ-2025.pdf,psc.gov.ph,psc,live,,,,6996101,7b63abc6968ee236069f881b214a1b8c33e1405498711a82aa7ea9c6716b4b6e,7,,Fri Feb 13 09:24:29 2026 GMT,937.68 x 609.6 pts,,data/raw/far1/2025/far1-2025-q4.pdf,pending,,,,,
far1-2024-q4,far1,true,FY 2024,II,Annual Financial Reports,"a. FAR No.1 : SAAOBDB (Statement of Appropriations, Allotment, Obligation, Disbursement and Balances)",2024,Q4,,https://psc.gov.ph/psc_site/wp-content/uploads/2025/02/FAR1_4thQuarter-1.pdf,psc.gov.ph,psc,live,,,,9604930,847c03005216ce13ac34816692c39b073a7861138e57045d29ed8f48565904b9,10,,Wed Feb 12 02:38:43 2025 GMT,937.44 x 610.08 pts,,data/raw/far1/2024/far1-2024-q4.pdf,pending,,,,,
far1-2023-q4,far1,true,FY 2023,II,Annual Financial Reports,"a. FAR No.1 : SAAOBDB (Statement of Appropriations, Allotment, Obligation, Disbursement and Balances)",2023,Q4,,https://psc.gov.ph/psc_site/wp-content/uploads/2024/02/FAR1_4thQuarterFY2023.pdf,psc.gov.ph,psc,live,,,,7537334,bfa5dc835fa1850176c49fc7c89acc36d227b35b8f1094a243734ec74f307092,7,,Thu Feb  1 07:11:55 2024 GMT,936.96 x 612.96 pts,,data/raw/far1/2023/far1-2023-q4.pdf,pending,,,,,
far1-2022-q4,far1,true,FY 2022,II,Annual Financial Reports,"a. FAR No.1 : SAAOBDB (Statement of Appropriations, Allotment, Obligation, Disbursement and Balances)",2022,Q4,,https://psc.gov.ph/psc_site/wp-content/uploads/2023/10/FAR1_4thQ.pdf,psc.gov.ph,psc,live,,,,14987067,69ea079ff2a6c1f0291f627e31c7f6eb53ba708aff33c09122d7a8b085b97566,24,,,938.4 x 615.12 pts,,data/raw/far1/2022/far1-2022-q4.pdf,pending,,,,,
far1-2021-q4,far1,true,FY 2021,II,Annual Financial Reports,"a. FAR No.1 : SAAOBDB (Statement of Appropriations, Allotment, Obligation, Disbursement and Balances)",2021,Q4,,https://psc.gov.ph/Transparency%20Seal/2021/FAR1-2021-4Q.pdf,psc.gov.ph,psc,live,,,,4580326,150d79aea441aa72aa6e2a5c163646b0385acf0efc722ed4eda8976e3e98642f,25,Adobe Acrobat Pro DC (32-bit) 21.7.20091,Thu Jan 27 09:55:31 2022 GMT,1008 x 612 pts,,data/raw/far1/2021/far1-2021-q4.pdf,pending,,,,,
far1-2020-q4,far1,true,FY 2020,II,Annual Financial Reports,"a. FAR No.1 : SAAOBDB (Statement of Appropriations, Allotment, Obligation, Disbursement and Balances)",2020,Q4,,https://psc.gov.ph/Transparency%20Seal/2021/FAR1_4thQ032421.pdf,psc.gov.ph,psc,live,,,,12693247,9a014e303d16563e90bb83e9c0b180d7eb5469168116b187aac88009dbdd4f9a,24,,Wed Mar 24 01:47:49 2021 GMT,612.25 x 902.4 pts,,data/raw/far1/2020/far1-2020-q4.pdf,pending,,,,,
far1-2019-q4,far1,true,FY 2019,II,Annual Financial Reports,"a. FAR No.1 : SAAOBDB (Statement of Appropriations, Allotment, Obligation, Disbursement and Balances)",2019,Q4,,https://psc.gov.ph/Transparency%20Seal/2019/FAR1_4q.pdf,psc.gov.ph,psc,live,,,,21673954,520245a8cf49d4f025156cfb7e51bac42ee34f2bf213f2d6b4ad2b47ded4618d,39,Adobe Acrobat Pro 11.0.0,Fri Feb  7 23:44:09 2020 GMT,605 x 912 pts,,data/raw/far1/2019/far1-2019-q4.pdf,pending,,,,,
far1-2018-q4,far1,true,FY 2018,II,Annual Financial Reports,"a. FAR No.1 : SAAOBDB (Statement of Appropriations, Allotment, Obligation, Disbursement and Balances)",2018,Q4,,https://psc.gov.ph/Transparency%20Seal/2018/SAAODB_as%20of%204thQ.pdf,psc.gov.ph,psc,live,,,,10952395,3cc3dc8b1268a38ecbd0c813afb632d800094ecea28ed486b255ab02cd536680,20,Adobe Acrobat Pro 11.0.0,Wed Feb 27 18:25:35 2019 GMT,613 x 902 pts,,data/raw/far1/2018/far1-2018-q4.pdf,pending,,,,,
far1-2017-q4,far1,true,FY 2017,II,Annual Financial Reports,"a. FAR No.1 : SAAOBDB (Statement of Appropriations, Allotment, Obligation, Disbursement and Balances)",2017,Q4,,https://psc.gov.ph/Transparency%20Seal/2017/FAR1%20-%20q4.pdf,psc.gov.ph,psc,live,,,,8354180,8649f576dda97169cda1e5cc76c00931808d3e8343c83978961fbdfdb8118f73,16,Adobe Acrobat Pro 11.0.0,Thu Feb 22 00:19:36 2018 GMT,612 x 1008 pts,,data/raw/far1/2017/far1-2017-q4.pdf,pending,,,,,
far1-2016,far1,true,FY 2016,II,Annual Financial Reports,"a. FAR No.1 : SAAOBDB (Statement of Appropriations, Allotment, Obligation, Disbursement and Balances)",2016,FY,,http://www.web.psc.gov.ph/Transparency/2016/FAR%20No.1%202016.pdf,www.web.psc.gov.ph,,not-fetched,,,,,,,,,,,,unavailable,,,,,
far1-2015,far1,true,FY 2015,II,Annual Financial Reports,"a. FAR No.1 : SAAOBDB (Statement of Appropriations, Allotment, Obligation, Disbursement and Balances)",2015,FY,,http://www.web.psc.gov.ph/Transparency/2015/Final2015/SAOB%202015.pdf,www.web.psc.gov.ph,,not-fetched,,,,,,,,,,,,unavailable,,,,,
far1-2014,far1,true,FY 2014,II,Annual Financial Reports,"a. FAR No.1 : SAAOBDB (Statement of Appropriations, Allotment, Obligation, Disbursement and Balances)",2014,FY,,http://www.web.psc.gov.ph/Transparency/2015/SAOB%202014.pdf,www.web.psc.gov.ph,,not-fetched,,,,,,,,,,,,unavailable,,,,,
far4-2026-q2,far4,true,FY2026,II,Annual Financial Reports,b. Summary Report on Disbursements,2026,Q2,,https://psc.gov.ph/psc_site/wp-content/uploads/2026/07/FY2026_2ndQ_FAR-No.-4-Monthly-Report-of-Disbursement-April-June.pdf,psc.gov.ph,psc,live,,,,3966069,caec47e887f1d4b12929248c23738db5733577c086d784071122c4afb292cf94,6,,Thu Jul 23 03:20:19 2026 BST,938.16 x 612 pts,,data/raw/far4/2026/far4-2026-q2.pdf,pending,,,,,
far4-2025-q4,far4,true,FY 2025,II,Annual Financial Reports,b. Summary Report on Disbursements,2025,Q4,,https://psc.gov.ph/psc_site/wp-content/uploads/2026/02/FAR-4_4thQ-2025-julytoDec-1.pdf,psc.gov.ph,psc,live,,,,6612520,290c9d9a1d84fa759b58bb52d1fafbda2664221e8988ef6fd37edf60e486d981,12,Adobe Acrobat (64-bit) 25.1.21184,Mon Feb 16 06:43:47 2026 GMT,937.92 x 610.8 pts,,data/raw/far4/2025/far4-2025-q4.pdf,pending,,,,,
far4-2024,far4,true,FY 2024,II,Annual Financial Reports,b. Summary Report on Disbursements,2024,FY,,https://psc.gov.ph/psc_site/wp-content/uploads/2025/02/FAR4JANDEC2024.pdf,psc.gov.ph,psc,live,,,,12962638,a276cfedcb4d088dc397e4f45a6afab2cae1081778b87d924ce05b62076bacd0,24,Adobe Acrobat Pro (64-bit) 24.4.20243,Fri Feb 28 02:13:18 2025 GMT,938.64 x 610.08 pts,,data/raw/far4/2024/far4-2024.pdf,pending,,,,,
far4-2023-q4,far4,true,FY 2023,II,Annual Financial Reports,b. Summary Report on Disbursements,2023,Q4,,https://psc.gov.ph/psc_site/wp-content/uploads/2024/02/FAR4_4thQuarterFY2023.pdf,psc.gov.ph,psc,live,,,,3778419,e7815d4d8ac42d05f1e2f94bddf4ae037187653a9d3a68a2de67fd21e0283629,6,,Thu Feb  1 07:13:48 2024 GMT,937.44 x 611.76 pts,,data/raw/far4/2023/far4-2023-q4.pdf,pending,,,,,
far4-2022-q4,far4,true,FY 2022,II,Annual Financial Reports,b. Summary Report on Disbursements,2022,Q4,,https://psc.gov.ph/Transparency%20Seal/2022/FAR4_4thQ.pdf,psc.gov.ph,psc,live,,,,10420766,3a7a4fc50fccf16adc0d675e642a09be25e85fb5b939e009ca7fdee054cf581a,24,,,937.92 x 612.48 pts,,data/raw/far4/2022/far4-2022-q4.pdf,pending,,,,,
far4-2021-q4,far4,true,FY 2021,II,Annual Financial Reports,b. Summary Report on Disbursements,2021,Q4,,https://psc.gov.ph/Transparency%20Seal/2021/FAR4-2021-4Q.pdf,psc.gov.ph,psc,live,,,,4726279,862cb9b3176efec8b7a06e5f5fb5999fc27895041667ee5de28e887b68ef947c,24,Adobe Acrobat Pro DC (32-bit) 21.7.20091,Wed Feb  2 02:22:34 2022 GMT,1008 x 612 pts,,data/raw/far4/2021/far4-2021-q4.pdf,pending,,,,,
far4-2020-q4,far4,true,FY 2020,II,Annual Financial Reports,b. Summary Report on Disbursements,2020,Q4,,https://psc.gov.ph/Transparency%20Seal/2020/FAR4_4q.pdf,psc.gov.ph,psc,live,,,,8106858,e438fb52f1b537e8f4b104a62a85625a1723b01a183564040003ef25b23a1d51,42,Epson Scan 2,Wed Feb 17 07:26:55 2021 GMT,936 x 611 pts,,data/raw/far4/2020/far4-2020-q4.pdf,pending,,,,,
far4-2019-q4,far4,true,FY 2019,II,Annual Financial Reports,b. Summary Report on Disbursements,2019,Q4,,https://psc.gov.ph/Transparency%20Seal/2019/FAR%204_4q.pdf,psc.gov.ph,psc,live,,,,13459767,e4ce344a56aa21bbd566de9343d72a160e5d15718a8f43872591d546f8a3f226,26,Adobe Acrobat Pro 11.0.0,Fri Feb  7 23:46:45 2020 GMT,612 x 948 pts,,data/raw/far4/2019/far4-2019-q4.pdf,pending,,,,,
far4-2018-q4,far4,true,FY 2018,II,Annual Financial Reports,b. Summary Report on Disbursements,2018,Q4,,https://psc.gov.ph/Transparency%20Seal/2018/MRD_as%20of%204thQ.pdf,psc.gov.ph,psc,live,,,,13462399,27d8356111962768a5ddf55a57dd0fe82d49567130695d2716e782eed535f9e3,24,Adobe Acrobat Pro 11.0.0,Wed Feb 27 18:24:46 2019 GMT,613 x 903 pts,,data/raw/far4/2018/far4-2018-q4.pdf,pending,,,,,
far4-2017-q4,far4,true,FY 2017,II,Annual Financial Reports,b. Summary Report on Disbursements,2017,Q4,,https://psc.gov.ph/Transparency%20Seal/2017/FAR4%20-%20q4.pdf,psc.gov.ph,psc,live,,,,13908455,85d72fc32e142a253b97ca600d7580dff94b5de6f881735648888526aabf9949,24,Adobe Acrobat Pro 11.0.0,Thu Feb 22 00:18:29 2018 GMT,612 x 1008 pts,,data/raw/far4/2017/far4-2017-q4.pdf,pending,,,,,
far4-2016,far4,true,FY 2016,II,Annual Financial Reports,b. Summary Report on Disbursements,2016,FY,,http://www.web.psc.gov.ph/Transparency/2016/MRD%202016.pdf,www.web.psc.gov.ph,,not-fetched,,,,,,,,,,,,unavailable,,,,,
far4-2015,far4,true,FY 2015,II,Annual Financial Reports,b. Summary Report on Disbursements,2015,FY,,http://www.web.psc.gov.ph/Transparency/2015/Final2015/Disbursement%202015.pdf,www.web.psc.gov.ph,,not-fetched,,,,,,,,,,,,unavailable,,,,,
far4-2014,far4,true,FY 2014,II,Annual Financial Reports,b. Summary Report on Disbursements,2014,FY,,http://www.web.psc.gov.ph/Transparency/2015/Disbursement%202014.pdf,www.web.psc.gov.ph,,not-fetched,,,,,,,,,,,,unavailable,,,,,
far4-2013,far4,true,FY 2013,II,Annual Financial Reports,b. Summary Report on Disbursements,2013,FY,,http://www.web.psc.gov.ph/Budget%20Reports/Consolidated%20Disbursement%202009-2013.pdf,www.web.psc.gov.ph,,not-fetched,,,,,,,,,,,,unavailable,,,,,
bar1-2026-q2,bar1,true,FY2026,II,Annual Financial Reports,c. BAR NO. 1 - Quarterly Physical Report of Operations/Physical Plan,2026,Q2,,https://psc.gov.ph/psc_site/wp-content/uploads/2026/07/FY2026_2ndQ_BAR-No_1.1_Physical-Report-of-Operation.pdf,psc.gov.ph,psc,live,,,,578488,4a905d330a42c7a37f4fdc7bb85ad5230e256fb53e34954e93c7d0802ff8e217,1,,Thu Jul 23 03:04:55 2026 BST,939.12 x 611.52 pts,,data/raw/bar1/2026/bar1-2026-q2.pdf,pending,,,,,
bar1-2025-q4,bar1,true,FY 2025,II,Annual Financial Reports,c. BAR NO. 1 - Quarterly Physical Report of Operations/Physical Plan,2025,Q4,,https://psc.gov.ph/psc_site/wp-content/uploads/2026/03/BAR-I-2025-4th-qtr.pdf,psc.gov.ph,psc,live,,,,118647,826b76b3e59f12e93ac3169c293245ffa2410b0b65b741565156b4ec40c042d6,1,iLovePDF,,842 x 595 pts (A4),,data/raw/bar1/2025/bar1-2025-q4.pdf,pending,,,,,
bar1-2024,bar1,true,FY 2024,II,Annual Financial Reports,c. BAR NO. 1 - Quarterly Physical Report of Operations/Physical Plan,2024,FY,,https://psc.gov.ph/psc_site/wp-content/uploads/2025/01/BARIscanned.pdf,psc.gov.ph,psc,live,,,,11468445,8d6468b0bd1555a9e000da0d95a730798d1fa3108a11681bcb55a0dec22ea4a6,1,Adobe Photoshop for Windows -- Image Conversion Plug-in,Mon Jan 20 01:36:16 2025 GMT,1002.24 x 606 pts,,data/raw/bar1/2024/bar1-2024.pdf,pending,,,,,
bar1-2023-q4,bar1,true,FY 2023,II,Annual Financial Reports,c. BAR NO. 1 - Quarterly Physical Report of Operations/Physical Plan,2023,Q4,,https://psc.gov.ph/psc_site/wp-content/uploads/2024/02/BAR1_4thQuarterFY2023.pdf,psc.gov.ph,psc,live,,,,488670,9552aebe20c70ccccc7139ae2942f142606f1553beac8dec83957437e6bbb2e4,1,,Thu Feb  1 07:08:00 2024 GMT,938.4 x 613.68 pts,,data/raw/bar1/2023/bar1-2023-q4.pdf,pending,,,,,
bar1-2022-q4,bar1,true,FY 2022,II,Annual Financial Reports,c. BAR NO. 1 - Quarterly Physical Report of Operations/Physical Plan,2022,Q4,,https://psc.gov.ph/Transparency%20Seal/2022/BAR_4Q.pdf,psc.gov.ph,psc,live,,,,1468046,d13284faf58511fa190590cf47906d287520264017479b3e31b04c66f3b20a39,4,,,936.12 x 612.12 pts,,data/raw/bar1/2022/bar1-2022-q4.pdf,pending,,,,,
bar1-2021-q4,bar1,true,FY 2021,II,Annual Financial Reports,c. BAR NO. 1 - Quarterly Physical Report of Operations/Physical Plan,2021,Q4,,https://psc.gov.ph/Transparency%20Seal/2021/BAR1_2021_4Q.pdf,psc.gov.ph,psc,live,,,,287218,77150ac2d26ea125d9c05c30183c8e7d3b5e88515c73d44b4e47c239f382b1ad,4,Acrobat Distiller 21.0 (Windows),Fri Jan 21 06:18:03 2022 GMT,612 x 792 pts (letter),,data/raw/bar1/2021/bar1-2021-q4.pdf,pending,,,,,
bar1-2020-q4,bar1,true,FY 2020,II,Annual Financial Reports,c. BAR NO. 1 - Quarterly Physical Report of Operations/Physical Plan,2020,Q4,,https://psc.gov.ph/Transparency%20Seal/2020/BAR12020_4q.pdf,psc.gov.ph,psc,live,,,,1423697,7639ded5621c630247b880d1c0cf7a9b33117be9df32c144ca634e14d7808e7f,4,Adobe Acrobat Pro 11.0.23,Fri Jan 15 04:40:06 2021 GMT,611 x 942 pts,,data/raw/bar1/2020/bar1-2020-q4.pdf,pending,,,,,
bar1-2019-q4,bar1,true,FY 2019,II,Annual Financial Reports,c. BAR NO. 1 - Quarterly Physical Report of Operations/Physical Plan,2019,Q4,,https://psc.gov.ph/Transparency%20Seal/2019/BAR%201_4q.pdf,psc.gov.ph,psc,live,,,,2131095,a6e1b7159655de03b54e05eda84358ffaef6f5470dd27be1f883fde83fae7d28,9,Adobe Acrobat Pro 11.0.0,Thu Feb  6 23:04:09 2020 GMT,2400 x 1638 pts,,data/raw/bar1/2019/bar1-2019-q4.pdf,pending,,,,,
bar1-2018-q4,bar1,true,FY 2018,II,Annual Financial Reports,c. BAR NO. 1 - Quarterly Physical Report of Operations/Physical Plan,2018,Q4,,https://psc.gov.ph/Transparency%20Seal/2018/BAR_as%20of%204thQ.pdf,psc.gov.ph,psc,live,,,,4554086,01f6ead1153a9505527d29fe2ef217d33f81deb2bdafc22c4576370fe2949d5a,8,Adobe Acrobat Pro 11.0.0,Wed Feb 27 18:23:38 2019 GMT,612 x 900 pts,,data/raw/bar1/2018/bar1-2018-q4.pdf,pending,,,,,
bar1-2017-q4,bar1,true,FY 2017,II,Annual Financial Reports,c. BAR NO. 1 - Quarterly Physical Report of Operations/Physical Plan,2017,Q4,,https://psc.gov.ph/Transparency%20Seal/2017/BAR%201%20-%20q4.pdf,psc.gov.ph,psc,live,,,,2229181,971b98b65c635a8406b43761bfb001f9622f7073486d1320cdfdbf5e38d4054d,5,Adobe Acrobat Pro 11.0.0,Thu Feb 22 00:16:37 2018 GMT,612 x 1008 pts,,data/raw/bar1/2017/bar1-2017-q4.pdf,pending,,,,,
bar1-2016,bar1,true,FY 2016,II,Annual Financial Reports,c. BAR NO. 1 - Quarterly Physical Report of Operations/Physical Plan,2016,FY,,http://www.web.psc.gov.ph/Transparency/2016/BAR%20No.%201%202016.pdf,www.web.psc.gov.ph,,not-fetched,,,,,,,,,,,,unavailable,,,,,
bar1-2015,bar1,true,FY 2015,II,Annual Financial Reports,c. BAR NO. 1 - Quarterly Physical Report of Operations/Physical Plan,2015,FY,,http://www.web.psc.gov.ph/Transparency/2015/APRO%202015%20as%20of%20Dec%2031.pdf,www.web.psc.gov.ph,,not-fetched,,,,,,,,,,,,unavailable,,,,,
bar1-2014,bar1,true,FY 2014,II,Annual Financial Reports,c. BAR NO. 1 - Quarterly Physical Report of Operations/Physical Plan,2014,FY,,http://www.web.psc.gov.ph/Transparency/2015/APRO%202014.pdf,www.web.psc.gov.ph,,not-fetched,,,,,,,,,,,,unavailable,,,,,
bar1-2013,bar1,true,FY 2013,II,Annual Financial Reports,c. BAR NO. 1 - Quarterly Physical Report of Operations/Physical Plan,2013,FY,,http://www.web.psc.gov.ph/Budget%20Reports/Physical%20Plan%202013.pdf,www.web.psc.gov.ph,,not-fetched,,,,,,,,,,,,unavailable,,,,,
far5-2026-q2,far5,true,FY2026,II,Annual Financial Reports,d. FAR NO. 5 - Quarterly Report on Revenue and Other Receipts,2026,Q2,,https://psc.gov.ph/psc_site/wp-content/uploads/2026/07/FY2026_2ndQ-FAR-No.-5.pdf,psc.gov.ph,psc,live,,,,836639,081e1edb2f42473c01e2a541d8d2fd47f3f94cbd0ca9923da2fb97389f993039,2,,Thu Jul 23 03:28:25 2026 BST,937.68 x 610.08 pts,,data/raw/far5/2026/far5-2026-q2.pdf,pending,,,,,
far5-2025-q4,far5,true,FY 2025,II,Annual Financial Reports,d. FAR NO. 5 - Quarterly Report on Revenue and Other Receipts,2025,Q4,,https://psc.gov.ph/psc_site/wp-content/uploads/2026/02/FAR-5_4thQ-2025.pdf,psc.gov.ph,psc,live,,,,801682,20f7b5c6b903c26283907597ba274f84c6a09346aafb7ec07d90086aa12b9b79,2,,Fri Feb 13 09:35:22 2026 GMT,939.84 x 609.36 pts,,data/raw/far5/2025/far5-2025-q4.pdf,pending,,,,,
far5-2024-q4,far5,true,FY 2024,II,Annual Financial Reports,d. FAR NO. 5 - Quarterly Report on Revenue and Other Receipts,2024,Q4,,https://psc.gov.ph/psc_site/wp-content/uploads/2025/02/FAR5_1ST4THQUARTER.pdf,psc.gov.ph,psc,live,,,,1836564,c595fb59f8e03726e8aae327502a56c6ba7092d6963ae6cd78307dd294e71a0a,4,Adobe Acrobat Pro (64-bit) 24.4.20243,Fri Feb 28 02:05:56 2025 GMT,939.12 x 610.8 pts,,data/raw/far5/2024/far5-2024-q4.pdf,pending,,,,,
far5-2023-q4,far5,true,FY 2023,II,Annual Financial Reports,d. FAR NO. 5 - Quarterly Report on Revenue and Other Receipts,2023,Q4,,https://psc.gov.ph/psc_site/wp-content/uploads/2024/02/FAR5_4thQuarterFY2023.pdf,psc.gov.ph,psc,live,,,,516289,87574601eb54b98c9ea8f3487f300c83ab6aec093e92ab46ae64f84ef15ac731,1,,Thu Feb  1 07:15:18 2024 GMT,938.4 x 611.76 pts,,data/raw/far5/2023/far5-2023-q4.pdf,pending,,,,,
far5-2022-q4,far5,true,FY 2022,II,Annual Financial Reports,d. FAR NO. 5 - Quarterly Report on Revenue and Other Receipts,2022,Q4,,https://psc.gov.ph/Transparency%20Seal/2022/FAR5_4thQ.pdf,psc.gov.ph,psc,live,,,,1330479,f789333da16358de5c1db16f57a1847a1040d5bee116d69675cb80423ab8f4eb,4,,,937.2 x 613.2 pts,,data/raw/far5/2022/far5-2022-q4.pdf,pending,,,,,
far5-2021-q4,far5,true,FY 2021,II,Annual Financial Reports,d. FAR NO. 5 - Quarterly Report on Revenue and Other Receipts,2021,Q4,,https://psc.gov.ph/Transparency%20Seal/2021/FAR5-2021-4Q.pdf,psc.gov.ph,psc,live,,,,494969,0072fa0e9da1825b756211778370ed0a708673f188793aca0618296d7e2edb9a,5,Adobe Acrobat Pro DC (32-bit) 21.7.20091,Fri Jan 28 01:40:41 2022 GMT,1008 x 612 pts,,data/raw/far5/2021/far5-2021-q4.pdf,pending,,,,,
far5-2020-q4,far5,true,FY 2020,II,Annual Financial Reports,d. FAR NO. 5 - Quarterly Report on Revenue and Other Receipts,2020,Q4,,https://psc.gov.ph/Transparency%20Seal/2020/FAR5_4q.pdf,psc.gov.ph,psc,live,,,,1290888,9b31d6c563504e156a7a8172d7645d961012f43ef952c719cecadf6770243f92,7,Epson Scan 2,Wed Feb 17 07:22:50 2021 GMT,936 x 595 pts,,data/raw/far5/2020/far5-2020-q4.pdf,pending,,,,,
far5-2019-q4,far5,true,FY 2019,II,Annual Financial Reports,d. FAR NO. 5 - Quarterly Report on Revenue and Other Receipts,2019,Q4,,https://psc.gov.ph/Transparency%20Seal/2019/FAR5_4q.pdf,psc.gov.ph,psc,live,,,,1892784,6993de54a181f84fb8ab9727456818ccc21227265d61af939136b2f30cfbe553,4,Adobe Acrobat Pro 11.0.0,Fri Feb  7 01:40:37 2020 GMT,612 x 945 pts,,data/raw/far5/2019/far5-2019-q4.pdf,pending,,,,,
far5-2018-q4,far5,true,FY 2018,II,Annual Financial Reports,d. FAR NO. 5 - Quarterly Report on Revenue and Other Receipts,2018,Q4,,https://psc.gov.ph/Transparency%20Seal/2018/FAR5_as%20of%204thQ.pdf,psc.gov.ph,psc,live,,,,1692889,f981cfc12baeb8fac18d5fc4960bdb06ab97d177f720c701bfce1c02ccb9678c,4,Adobe Acrobat Pro 11.0.0,Wed Feb 27 18:24:08 2019 GMT,612 x 904 pts,,data/raw/far5/2018/far5-2018-q4.pdf,pending,,,,,
far5-2017-q4,far5,true,FY 2017,II,Annual Financial Reports,d. FAR NO. 5 - Quarterly Report on Revenue and Other Receipts,2017,Q4,,https://psc.gov.ph/Transparency%20Seal/2017/FAR5%20-%20q4.pdf,psc.gov.ph,psc,live,,,,1709810,8e0ad92b1817ee8053b14d50ecc3672769c630055deb7c61e8661bea5115986e,4,Adobe Acrobat Pro 11.0.0,Thu Feb 22 00:20:36 2018 GMT,612 x 1008 pts,,data/raw/far5/2017/far5-2017-q4.pdf,pending,,,,,
far5-2016,far5,true,FY 2016,II,Annual Financial Reports,d. FAR NO. 5 - Quarterly Report on Revenue and Other Receipts,2016,FY,,http://www.web.psc.gov.ph/Transparency/2016/FAR%20No.%205%202016.pdf,www.web.psc.gov.ph,,not-fetched,,,,,,,,,,,,unavailable,,,,,
far5-2015,far5,true,FY 2015,II,Annual Financial Reports,d. FAR NO. 5 - Quarterly Report on Revenue and Other Receipts,2015,FY,,http://www.web.psc.gov.ph/Transparency/2015/Final2015/Income%202015.pdf,www.web.psc.gov.ph,,not-fetched,,,,,,,,,,,,unavailable,,,,,
far5-2014,far5,true,FY 2014,II,Annual Financial Reports,d. FAR NO. 5 - Quarterly Report on Revenue and Other Receipts,2014,FY,,http://www.web.psc.gov.ph/Budget%20Reports/Income%202013.pdf,www.web.psc.gov.ph,,not-fetched,,,,,,,,,,,,unavailable,,,,,
far5-2013,far5,true,FY 2013,II,Annual Financial Reports,d. FAR NO. 5 - Quarterly Report on Revenue and Other Receipts,2013,FY,,http://www.web.psc.gov.ph/Budget%20Reports/Physical%20Plan%202013.pdf,www.web.psc.gov.ph,,not-fetched,,,,,,,,,,,,unavailable,,,,,
financial-plan-2026-q1,financial-plan,true,FY 2026,II,Annual Financial Reports,e. Financial Plan,2026,Q1,,https://psc.gov.ph/psc_site/wp-content/uploads/2026/05/FY2026_1st-Quarter-Financial-Report-of-Operation.pdf,psc.gov.ph,psc,live,,,,799077,316023342dd87e2655034e79de170c4dc75da35aa5df134d54d2a7cb22b62272,2,,Tue May 26 04:49:30 2026 BST,610.56 x 937.44 pts,,data/raw/financial-plan/2026/financial-plan-2026-q1.pdf,pending,,,,,
financial-plan-2025,financial-plan,true,FY 2025,II,Annual Financial Reports,e. Financial Plan,2025,FY,,https://psc.gov.ph/psc_site/wp-content/uploads/2025/11/Financial-Report-of-Operation_Sep-2025.pdf,psc.gov.ph,psc,live,,,,1699809,fb1ee88c09835d16d350f25be30712e9105e7906cc29d8d8b4ea0ac076e95f30,2,,Fri Nov 21 07:54:17 2025 GMT,611.04 x 938.16 pts,,data/raw/financial-plan/2025/financial-plan-2025.pdf,pending,,,,,
financial-plan-2024-q4,financial-plan,true,FY 2024,II,Annual Financial Reports,e. Financial Plan,2024,Q4,,https://psc.gov.ph/psc_site/wp-content/uploads/2025/02/FY2024_1st2nd3rd4thQuarterFinancialReportofOperation.pdf,psc.gov.ph,psc,live,,,,971589,ad6158eb2b645783ec9f5a114117f26672a5c4e3c7ad90df0ab630878d01653a,4,Adobe Acrobat Pro (64-bit) 24.5.20399,Wed Feb 12 05:51:54 2025 GMT,612 x 937.44 pts,,data/raw/financial-plan/2024/financial-plan-2024-q4.pdf,pending,,,,,
financial-plan-2023-q4,financial-plan,true,FY 2023,II,Annual Financial Reports,e. Financial Plan,2023,Q4,,https://psc.gov.ph/psc_site/wp-content/uploads/2024/02/FinancialReportofOperation4thQuarterFY2023.pdf,psc.gov.ph,psc,live,,,,826077,9d335a8f84d759dbebdf23df05320147f8a0ace0277b4bd3d6ae4e18a4097179,2,,Thu Feb  1 07:16:34 2024 GMT,611.28 x 938.16 pts,,data/raw/financial-plan/2023/financial-plan-2023-q4.pdf,pending,,,,,
financial-plan-2022-q4,financial-plan,true,FY 2022,II,Annual Financial Reports,e. Financial Plan,2022,Q4,,https://psc.gov.ph/Transparency%20Seal/2022/FRO_4thQ.pdf,psc.gov.ph,psc,live,,,,4940479,8ccfb6480ed1b80b323c1a1c5b903d8487adb833d7e0c4473ab455fee8d00fbe,8,,,613.44 x 938.16 pts,,data/raw/financial-plan/2022/financial-plan-2022-q4.pdf,pending,,,,,
financial-plan-2021-q4,financial-plan,true,FY 2021,II,Annual Financial Reports,e. Financial Plan,2021,Q4,,https://psc.gov.ph/Transparency%20Seal/2021/FRO-2021-4Q.pdf,psc.gov.ph,psc,live,,,,1013397,1f5c1503ec9624c72dc994430e8a71424d91985b7ddda7bb0cccabde22824692,8,Adobe Acrobat Pro DC (32-bit) 21.7.20091,Thu Jan 27 09:59:18 2022 GMT,612 x 1008 pts,,data/raw/financial-plan/2021/financial-plan-2021-q4.pdf,pending,,,,,
financial-plan-2020-q4,financial-plan,true,FY 2020,II,Annual Financial Reports,e. Financial Plan,2020,Q4,,https://psc.gov.ph/Transparency%20Seal/2020/FRO2020_4q.pdf,psc.gov.ph,psc,live,,,,2469198,1e0fb8b52cd376cfcbda8d8bd682d7b449c7acacb9d05b2a7ad7a5068cec2f9d,8,Adobe Acrobat Pro 11.0.23,Wed Feb 17 07:28:54 2021 GMT,936 x 611 pts,,data/raw/financial-plan/2020/financial-plan-2020-q4.pdf,pending,,,,,
financial-plan-2019-q4,financial-plan,true,FY 2019,II,Annual Financial Reports,e. Financial Plan,2019,Q4,,https://psc.gov.ph/Transparency%20Seal/2019/FAR5_4q.pdf,psc.gov.ph,psc,live,,,,1892784,6993de54a181f84fb8ab9727456818ccc21227265d61af939136b2f30cfbe553,4,Adobe Acrobat Pro 11.0.0,Fri Feb  7 01:40:37 2020 GMT,612 x 945 pts,,data/raw/financial-plan/2019/financial-plan-2019-q4.pdf,pending,,,,,
financial-plan-2018-q4,financial-plan,true,FY 2018,II,Annual Financial Reports,e. Financial Plan,2018,Q4,,https://psc.gov.ph/Transparency%20Seal/2018/FRO_as%20of%204thQ.pdf,psc.gov.ph,psc,live,,,,4347018,10ac713d322f280b1a4a5e98c9c4596fe9ed8aa04c4f0cb5ffbfd06196f5a36c,8,Adobe Acrobat Pro 11.0.0,Wed Feb 27 19:23:11 2019 GMT,612 x 907 pts,,data/raw/financial-plan/2018/financial-plan-2018-q4.pdf,pending,,,,,
financial-plan-2017-q4,financial-plan,true,FY 2017,II,Annual Financial Reports,e. Financial Plan,2017,Q4,,https://psc.gov.ph/Transparency%20Seal/2017/FAR5%20-%20q4.pdf,psc.gov.ph,psc,live,,,,1709810,8e0ad92b1817ee8053b14d50ecc3672769c630055deb7c61e8661bea5115986e,4,Adobe Acrobat Pro 11.0.0,Thu Feb 22 00:20:36 2018 GMT,612 x 1008 pts,,data/raw/financial-plan/2017/financial-plan-2017-q4.pdf,pending,,,,,
financial-plan-2016,financial-plan,true,FY 2016,II,Annual Financial Reports,e. Financial Plan,2016,FY,,http://www.web.psc.gov.ph/Transparency/2016/FRO%202016.pdf,www.web.psc.gov.ph,,not-fetched,,,,,,,,,,,,unavailable,,,,,
financial-plan-2015,financial-plan,true,FY 2015,II,Annual Financial Reports,e. Financial Plan,2015,FY,,http://www.web.psc.gov.ph/Transparency/2015/Final2015/Income%202015.pdf,www.web.psc.gov.ph,,not-fetched,,,,,,,,,,,,unavailable,,,,,
financial-plan-2013,financial-plan,true,FY 2013,II,Annual Financial Reports,e. Financial Plan,2013,FY,,http://www.web.psc.gov.ph/Budget%20Reports/Physical%20Plan%202013.pdf,www.web.psc.gov.ph,,not-fetched,,,,,,,,,,,,unavailable,,,,,
psc-budget-2026,psc-budget,true,FY 2026,III,DBM Approved Budget and Corresponding Targets,a. PSC Budget,2026,FY,,https://psc.gov.ph/psc_site/wp-content/uploads/2026/07/2026-GAA.pdf,psc.gov.ph,psc,live,,,,275485,3aff7d29301a240c8a2d5bd0cf441fbf3e8f39bc7eacffc6ec1667f348e92843,5,PDF-XChange Core API SDK (10.2.1.385),Tue Jan  6 13:29:09 2026 GMT,648 x 484.118 pts,,data/raw/psc-budget/2026/psc-budget-2026.pdf,pending,,,,,
psc-budget-2025,psc-budget,true,FY 2025,III,DBM Approved Budget and Corresponding Targets,a. PSC Budget,2025,FY,,https://psc.gov.ph/psc_site/wp-content/uploads/2025/05/GAAPSC2025.pdf,psc.gov.ph,psc,live,,,,662841,487f51f980a85a25f282f70923f1eda7330387fadcf2d1a394895cf1ec162adc,5,PDF-XChange Core API SDK (10.1.3.383),Thu Jan  2 14:30:25 2025 GMT,648 x 348.157 pts,,data/raw/psc-budget/2025/psc-budget-2025.pdf,pending,,,,,
psc-budget-2024,psc-budget,true,FY 2024,III,DBM Approved Budget and Corresponding Targets,a. PSC Budget,2024,FY,,https://psc.gov.ph/psc_site/wp-content/uploads/2024/01/2024GAA.pdf,psc.gov.ph,psc,live,,,,453395,f95c9ceceaeeee72d9ce6cc74373122a16f65bcd306890a6a1e01c734730cfa8,5,PDF-XChange Core API SDK (10.0.1.371),Sat Dec 23 09:03:36 2023 GMT,648 x 792 pts,,data/raw/psc-budget/2024/psc-budget-2024.pdf,pending,,,,,
psc-budget-2023,psc-budget,true,FY 2023,III,DBM Approved Budget and Corresponding Targets,a. PSC Budget,2023,FY,,https://psc.gov.ph//Transparency%20Seal/2022/PSC%20Budget%202023.pdf,psc.gov.ph,psc,live,,,,331105,914eee3c6367a90f19558cb9bd5b752a3c2b5c8f542c9c937389aa63f8c5dd90,5,PDF-XChange Core API SDK (7.0.324),Mon Dec 19 13:41:49 2022 GMT,648 x 676 pts,,data/raw/psc-budget/2023/psc-budget-2023.pdf,pending,,,,,
psc-budget-2022,psc-budget,true,FY 2022,III,DBM Approved Budget and Corresponding Targets,a. PSC Budget,2022,FY,,https://psc.gov.ph//Transparency%20Seal/2022/PSC%20Budget%202022.pdf,psc.gov.ph,psc,live,,,,173371,bb13f13a98467c8bb3339336c6ab1387c45e8f20af6b5630f841466afcd664e2,4,PDF-XChange Core API SDK (7.0.324),Mon Jan  3 03:23:13 2022 GMT,641.25 x 293.25 pts,,data/raw/psc-budget/2022/psc-budget-2022.pdf,pending,,,,,
psc-budget-2021,psc-budget,true,FY 2021,III,DBM Approved Budget and Corresponding Targets,a. PSC Budget,2021,FY,,https://psc.gov.ph/Transparency%20Seal/2021/2021%20GAA-PSC%20Budget.pdf,psc.gov.ph,psc,live,,,,357464,eac5b0c09c86d98e8e0be5c8b41443703dc133abb85d084a755f8f09ef99353b,4,Adobe PDF Library 10.0.1,Fri Jan  1 01:42:05 2021 GMT,648 x 792 pts,,data/raw/psc-budget/2021/psc-budget-2021.pdf,pending,,,,,
psc-budget-2020,psc-budget,true,FY 2020,III,DBM Approved Budget and Corresponding Targets,a. PSC Budget,2020,FY,,https://psc.gov.ph/Transparency%20Seal/2020/PSC%20Budget%202020.pdf,psc.gov.ph,psc,live,,,,2296932,ac77423898bd53026863e24f4141a79f1a1b16e1a0d675fcd1f5459311798fd0,5,IJ Scan Utility,Tue Jan 21 21:03:10 2020 GMT,612 x 792 pts (letter),,data/raw/psc-budget/2020/psc-budget-2020.pdf,pending,,,,,
psc-budget-2019,psc-budget,true,FY 2019,III,DBM Approved Budget and Corresponding Targets,a. PSC Budget,2019,FY,,https://psc.gov.ph/Transparency%20Seal/2019/PSC%20Budget%202019.pdf,psc.gov.ph,psc,live,,,,499854,4ece7ed81f9389aff49a1268b70ca8a1915007d051a3617411ebedd79effa18f,5,Adobe PDF Library 10.0.1,Mon Apr 29 07:02:10 2019 BST,621 x 416.25 pts,,data/raw/psc-budget/2019/psc-budget-2019.pdf,pending,,,,,
targets-mfo-2026,targets-mfo,true,FY 2026,III,DBM Approved Budget and Corresponding Targets,b. Targets / MFOs / GAA targets,2026,FY,,https://psc.gov.ph/psc_site/wp-content/uploads/2026/07/2026-GAA-Targets.pdf,psc.gov.ph,psc,live,,,,158013,738ebcfae2e5d98bf0e96f82aa43737eeade2a4dfc85b0dc5c9aa19c5278bdd3,1,PDF-XChange Core API SDK (10.2.1.385),Tue Jan  6 16:19:15 2026 GMT,648 x 413 pts,,data/raw/targets-mfo/2026/targets-mfo-2026.pdf,pending,,,,,
targets-mfo-2025,targets-mfo,true,FY 2025,III,DBM Approved Budget and Corresponding Targets,b. Targets / MFOs / GAA targets,2025,FY,,https://psc.gov.ph/psc_site/wp-content/uploads/2025/05/2025GAATargets.pdf,psc.gov.ph,psc,live,,,,581911,a720696290983cacb7c931ff109b59d7dd8f5a2ddc90f9f5acbc9bfecbc8d6e5,2,PDF-XChange Core API SDK (10.2.0.384),Mon Jan  6 02:00:54 2025 GMT,648 x 178 pts,,data/raw/targets-mfo/2025/targets-mfo-2025.pdf,pending,,,,,
targets-mfo-2024,targets-mfo,true,FY 2024,III,DBM Approved Budget and Corresponding Targets,b. Targets / MFOs / GAA targets,2024,FY,,https://psc.gov.ph/psc_site/wp-content/uploads/2024/01/2024GAATARGETS.pdf,psc.gov.ph,psc,live,,,,205575,06c066750b5f8813b73c267124d2a1488764f9c5a01abe2ca07970d579ab5feb,1,PDF-XChange Core API SDK (10.1.3.383),Sat Dec 23 10:40:53 2023 GMT,648 x 395.422 pts,,data/raw/targets-mfo/2024/targets-mfo-2024.pdf,pending,,,,,
targets-mfo-2023,targets-mfo,true,FY 2023,III,DBM Approved Budget and Corresponding Targets,b. Targets / MFOs / GAA targets,2023,FY,,https://psc.gov.ph/Transparency%20Seal/2022/2023%20Targets%20-%20MFOs%20-%20GAA%20targets.pdf,psc.gov.ph,psc,live,,,,121929,6c1d5c5e9152bbfba26b7bc95c46cca4a67b6a5bc787827eacf4aec2d1649717,1,PDF-XChange Core API SDK (7.0.324),Mon Dec 19 21:26:48 2022 GMT,645 x 415.5 pts,,data/raw/targets-mfo/2023/targets-mfo-2023.pdf,pending,,,,,
targets-mfo-2022,targets-mfo,true,FY 2022,III,DBM Approved Budget and Corresponding Targets,b. Targets / MFOs / GAA targets,2022,FY,,https://psc.gov.ph/Transparency%20Seal/2022/PSC%20Targets%202022.pdf,psc.gov.ph,psc,live,,,,75561,f4cd31489687c3266a3627781e46eeffbdc91101807621aec3f8b6b5121f7b11,1,Adobe Acrobat 21.7 Image Conversion Plug-in,Thu Jan 13 12:54:00 2022 GMT,643.53 x 376.52 pts,,data/raw/targets-mfo/2022/targets-mfo-2022.pdf,pending,,,,,
targets-mfo-2021,targets-mfo,true,FY 2021,III,DBM Approved Budget and Corresponding Targets,b. Targets / MFOs / GAA targets,2021,FY,,https://psc.gov.ph/Transparency%20Seal/2020/2021%20GAA%20-%20PSC%20Budget%20(Book).pdf,psc.gov.ph,psc,live,,,,1030927,42ae4fcfcee5d64803aeef7b4c65a6d8fb17a0d71c421490eed31446eb8d494c,2,CreationDate:    Fri Feb 19 04:29:23 2021 GMT,Fri Feb 19 04:29:23 2021 GMT,595 x 841 pts (A4),,data/raw/targets-mfo/2021/targets-mfo-2021.pdf,pending,,,,,
targets-mfo-2020,targets-mfo,true,FY 2020,III,DBM Approved Budget and Corresponding Targets,b. Targets / MFOs / GAA targets,2020,FY,,https://psc.gov.ph/Transparency%20Seal/2020/GAA%20Target%202020.pdf,psc.gov.ph,psc,live,,,,265735,9bdef8e9887ee240dff4b9685fec9924d999aa17f99b2de7aca57b5d40a7fa85,1,IJ Scan Utility,Tue Jan 21 21:02:12 2020 GMT,612 x 792 pts (letter),,data/raw/targets-mfo/2020/targets-mfo-2020.pdf,pending,,,,,
targets-mfo-2019,targets-mfo,true,FY 2019,III,DBM Approved Budget and Corresponding Targets,b. Targets / MFOs / GAA targets,2019,FY,,https://psc.gov.ph/Transparency%20Seal/2019/PSC%20GAA%20Budget%20Target%202019.pdf,psc.gov.ph,psc,live,,,,63008,68f5bd3b9c22f51dc55b78dfe923f5ac601f33fbcecca1f55d486bd13ce02faf,1,Adobe PDF Library 10.0.1,Mon Apr 29 10:28:34 2019 BST,630.75 x 394.5 pts,,data/raw/targets-mfo/2019/targets-mfo-2019.pdf,pending,,,,,
programs-2026,programs,true,FY2026,IV,"Major Projects, Programs and Activities, Beneficiaries, and Status of Implementation",a. Projects & Programs,2026,FY,,https://psc.gov.ph/psc_site/wp-content/uploads/2023/12/ProgramsandProjects.pdf,psc.gov.ph,psc,live,,,,312079,ba9297bba3e8b800b9ab48cf81bf5b64d05f057deb6111a6d283ad44b24652a0,9,Microsoft® Word for Microsoft 365,Thu Dec 28 05:56:52 2023 GMT,595.4 x 841.6 pts (A4),,data/raw/programs/2026/programs-2026.pdf,pending,,,,,
programs-2025,programs,true,FY2025,IV,"Major Projects, Programs and Activities, Beneficiaries, and Status of Implementation",a. Projects & Programs,2025,FY,,https://psc.gov.ph/psc_site/wp-content/uploads/2023/12/ProgramsandProjects.pdf,psc.gov.ph,psc,live,200,2026-09-18T00:14:15.331Z,application/pdf,312079,ba9297bba3e8b800b9ab48cf81bf5b64d05f057deb6111a6d283ad44b24652a0,9,Microsoft® Word for Microsoft 365,Thu Dec 28 05:56:52 2023 GMT,595.4 x 841.6 pts (A4),,data/raw/programs/2025/programs-2025.pdf,pending,,,,,
programs-2024,programs,true,FY 2024,IV,"Major Projects, Programs and Activities, Beneficiaries, and Status of Implementation",a. Projects & Programs,2024,FY,,https://psc.gov.ph/psc_site/wp-content/uploads/2023/12/ProgramsandProjects.pdf,psc.gov.ph,psc,live,200,2026-09-18T00:14:15.354Z,application/pdf,312079,ba9297bba3e8b800b9ab48cf81bf5b64d05f057deb6111a6d283ad44b24652a0,9,Microsoft® Word for Microsoft 365,Thu Dec 28 05:56:52 2023 GMT,595.4 x 841.6 pts (A4),,data/raw/programs/2024/programs-2024.pdf,pending,,,,,
programs-2023,programs,true,FY 2023,IV,"Major Projects, Programs and Activities, Beneficiaries, and Status of Implementation",a. Projects & Programs,2023,FY,,https://psc.gov.ph/psc_site/wp-content/uploads/2023/12/ProgramsandProjects.pdf,psc.gov.ph,psc,live,200,2026-09-18T00:14:15.327Z,application/pdf,312079,ba9297bba3e8b800b9ab48cf81bf5b64d05f057deb6111a6d283ad44b24652a0,9,Microsoft® Word for Microsoft 365,Thu Dec 28 05:56:52 2023 GMT,595.4 x 841.6 pts (A4),,data/raw/programs/2023/programs-2023.pdf,pending,,,,,
programs-2022,programs,true,FY 2022,IV,"Major Projects, Programs and Activities, Beneficiaries, and Status of Implementation",a. Projects & Programs,2022,FY,,https://psc.gov.ph/Transparency%20Seal/2022/PSC%20Programs-and-Projects-for-2022.pdf,psc.gov.ph,psc,live,,,,750800,dad57ca7fdf2f036e9fb3e8106325a50de19cd74797f2ae6556f0e6278f07bae,6,Microsoft® Word 2013,Wed Jun 19 03:05:26 2019 BST,595.2 x 841.8 pts (A4),,data/raw/programs/2022/programs-2022.pdf,pending,,,,,
programs-2021,programs,true,FY 2021,IV,"Major Projects, Programs and Activities, Beneficiaries, and Status of Implementation",a. Projects & Programs,2021,FY,,https://psc.gov.ph/Transparency%20Seal/2021/PSC%20Programs-and-Projects-for-2021.pdf,psc.gov.ph,psc,live,,,,750800,dad57ca7fdf2f036e9fb3e8106325a50de19cd74797f2ae6556f0e6278f07bae,6,Microsoft® Word 2013,Wed Jun 19 03:05:26 2019 BST,595.2 x 841.8 pts (A4),,data/raw/programs/2021/programs-2021.pdf,pending,,,,,
programs-2020,programs,true,FY 2020,IV,"Major Projects, Programs and Activities, Beneficiaries, and Status of Implementation",a. Projects & Programs,2020,FY,,https://psc.gov.ph/Transparency%20Seal/2020/PSC%20Programs-and-Projects-for-2020.pdf,psc.gov.ph,psc,live,,,,750800,dad57ca7fdf2f036e9fb3e8106325a50de19cd74797f2ae6556f0e6278f07bae,6,Microsoft® Word 2013,Wed Jun 19 03:05:26 2019 BST,595.2 x 841.8 pts (A4),,data/raw/programs/2020/programs-2020.pdf,pending,,,,,
programs-2019,programs,true,FY 2019,IV,"Major Projects, Programs and Activities, Beneficiaries, and Status of Implementation",a. Projects & Programs,2019,FY,,https://psc.gov.ph/Transparency%20Seal/2019/PSC%20Programs-and-Projects-for-2019.pdf,psc.gov.ph,psc,live,,,,750800,dad57ca7fdf2f036e9fb3e8106325a50de19cd74797f2ae6556f0e6278f07bae,6,Microsoft® Word 2013,Wed Jun 19 03:05:26 2019 BST,595.2 x 841.8 pts (A4),,data/raw/programs/2019/programs-2019.pdf,pending,,,,,
status-of-implementation-2025,status-of-implementation,true,FY2025,IV,"Major Projects, Programs and Activities, Beneficiaries, and Status of Implementation",c. Status of Implementation,2025,FY,,https://psc.gov.ph/psc_site/wp-content/uploads/2026/07/2025-IPP-Status_1.pdf,psc.gov.ph,psc,live,,,,163007,0aa49fa0bc238bde0386430c8d12249f23f7b5fb91535fdcac666775b52cd020,2,Adobe PDF Library 26.1.187,Fri Jul 10 07:30:00 2026 BST,1008 x 612 pts,,data/raw/status-of-implementation/2025/status-of-implementation-2025.pdf,pending,,,,,
status-of-implementation-2024,status-of-implementation,true,FY2024,IV,"Major Projects, Programs and Activities, Beneficiaries, and Status of Implementation",c. Status of Implementation,2024,FY,,https://psc.gov.ph/psc_site/wp-content/uploads/2026/07/2024-IPP-Status.pdf,psc.gov.ph,psc,live,,,,272733,beaf38adfe02dedeed97b428c2384559d2198ec4827fa4992cae7d43a3baa4cd,2,Microsoft® Word for Microsoft 365,Fri Jul 10 06:33:13 2026 BST,1008 x 612 pts,,data/raw/status-of-implementation/2024/status-of-implementation-2024.pdf,pending,,,,,
status-of-implementation-2023,status-of-implementation,true,FY 2023,IV,"Major Projects, Programs and Activities, Beneficiaries, and Status of Implementation",c. Status of Implementation,2023,FY,,https://psc.gov.ph/psc_site/wp-content/uploads/2024/01/ImplementationStatusofProgramsandProjects2023.pdf,psc.gov.ph,psc,live,,,,311470,2f747d4da596f87246dd73bfd98bbcc37ad8ef6f0b7b09409404c1ae063c8970,2,iLovePDF,,842 x 595 pts (A4),,data/raw/status-of-implementation/2023/status-of-implementation-2023.pdf,pending,,,,,
status-of-implementation-2022,status-of-implementation,true,FY 2022,IV,"Major Projects, Programs and Activities, Beneficiaries, and Status of Implementation",c. Status of Implementation,2022,FY,,https://psc.gov.ph/Transparency%20Seal/2022/Implementation%20Status%20of%20Programs%20and%20Projects%20FY%202022.pdf,psc.gov.ph,psc,live,,,,1523075,0ee6a2f0297d685be40407c0eeb8b083ce728f2135c982eb763280c811f23198,2,iLovePDF,,614 x 973 pts,,data/raw/status-of-implementation/2022/status-of-implementation-2022.pdf,pending,,,,,
status-of-implementation-2021,status-of-implementation,true,FY 2021,IV,"Major Projects, Programs and Activities, Beneficiaries, and Status of Implementation",c. Status of Implementation,2021,FY,,https://psc.gov.ph/Transparency%20Seal/2022/2021%20IPP%20Status%20(ver%202).pdf,psc.gov.ph,psc,live,,,,184814,da670bfa8bb23666c67a148746b3b26320a75ca11310d8a57d5658f148c67e34,2,Microsoft® Word for Microsoft 365,Thu Feb  3 00:22:43 2022 GMT,1008 x 612 pts,,data/raw/status-of-implementation/2021/status-of-implementation-2021.pdf,pending,,,,,
status-of-implementation-2020,status-of-implementation,true,FY 2020,IV,"Major Projects, Programs and Activities, Beneficiaries, and Status of Implementation",c. Status of Implementation,2020,FY,,https://psc.gov.ph/Transparency%20Seal/2021/2020%20IPP%20Status.pdf,psc.gov.ph,psc,live,,,,471800,a1fc9469b0dd8870a6edd3cbd60cfe62f5394d8a606de382ae129dbf25f4e897,2,Microsoft® Word 2016,Wed Feb  3 03:09:31 2021 GMT,1008 x 612 pts,,data/raw/status-of-implementation/2020/status-of-implementation-2020.pdf,pending,,,,,
status-of-implementation-2019,status-of-implementation,true,FY 2019,IV,"Major Projects, Programs and Activities, Beneficiaries, and Status of Implementation",c. Status of Implementation,2019,FY,,https://psc.gov.ph/Transparency%20Seal/2020/2019%20IPP%20Status.pdf,psc.gov.ph,psc,live,,,,95141,acc115cfd9e42efc2326e12c8fe9df829b713676f10603f681afe1d82d796472,2,Acrobat Distiller 11.0 (Windows),Tue Jan 28 23:54:08 2020 GMT,612 x 1008 pts,,data/raw/status-of-implementation/2019/status-of-implementation-2019.pdf,pending,,,,,
status-of-implementation-2018,status-of-implementation,true,FY 2018,IV,"Major Projects, Programs and Activities, Beneficiaries, and Status of Implementation",c. Status of Implementation,2018,FY,,https://psc.gov.ph/Transparency%20Seal/2018/Final%20Implementation%20Status%20of%20PSC%20Programs%20and%20Projects%20for%202018.pdf,psc.gov.ph,psc,live,,,,48107,a029ee9cb5e89ef958427020def97847ef0910bff398f91a6355dc7f5ca27846,3,Mac OS X 10.13.4 Quartz PDFContext,Fri Jan 25 06:04:44 2019 GMT,841.8 x 595.2 pts (A4),,data/raw/status-of-implementation/2018/status-of-implementation-2018.pdf,pending,,,,,
status-of-implementation-2017,status-of-implementation,true,FY 2017,IV,"Major Projects, Programs and Activities, Beneficiaries, and Status of Implementation",c. Status of Implementation,2017,FY,,https://psc.gov.ph/Transparency%20Seal/2018/Implementation%20Status%20of%20PSC%20Programs%20and%20Projects%20for%202017.pdf,psc.gov.ph,psc,live,,,,56310,d70acc86e532161bfc1a01d80a813d0de7be1ba48e8de8489c4d083f87686e98,2,Nitro Pro 10  (10. 5. 1. 17),Mon Jul 30 03:00:02 2018 BST,841.92 x 595.32 pts (A4),,data/raw/status-of-implementation/2017/status-of-implementation-2017.pdf,pending,,,,,
status-of-implementation-2016,status-of-implementation,true,FY 2016,IV,"Major Projects, Programs and Activities, Beneficiaries, and Status of Implementation",c. Status of Implementation,2016,FY,,http://www.web.psc.gov.ph/Transparency/2016/Status%20of%20Implementation%20of%20Programs%20and%20Projects%20%282016%29.pdf,www.web.psc.gov.ph,,not-fetched,,,,,,,,,,,,unavailable,,,,,
status-of-implementation-2015,status-of-implementation,true,FY 2015,IV,"Major Projects, Programs and Activities, Beneficiaries, and Status of Implementation",c. Status of Implementation,2015,FY,,http://www.web.psc.gov.ph/Transparency/2015/Final2015/Status%20of%20Implementation%20of%20Programs%20and%20Projects%202015.pdf,www.web.psc.gov.ph,,not-fetched,,,,,,,,,,,,unavailable,,,,,
app-2026,app,true,Annual Procurement Plan for FY 2026,V,Annual Procurement Plan,a. FY. 2026,2026,FY,,https://psc.gov.ph/psc_site/wp-content/uploads/2026/01/Philippine-Sports-Commission-APP-for-FY-2026.pdf,psc.gov.ph,psc,live,200,2026-09-18T00:14:15.554Z,application/pdf,5839542,594891101e89ac82f7d6dd8d0f819576a8279486acf57a896c0fe6c35ce55b5f,12,,Thu Jan 29 01:13:59 2026 GMT,935.64 x 609.84 pts,,data/raw/app/2026/app-2026.pdf,pending,,,,,
app-2025-s2-updated,app,true,PSC Updated APP for CY 2025 - 2nd Semester,V,Annual Procurement Plan,a. FY. 2025,2025,S2,updated,https://psc.gov.ph/psc_site/wp-content/uploads/2026/02/PSC-Updated-APP-for-CY-2025-2nd-Semester.pdf,psc.gov.ph,psc,live,200,2026-09-18T00:14:16.209Z,application/pdf,1463667,66c0e4884608bbce14df7624cd40805e53bea743e29370e1cb51e27753075ebf,4,iLovePDF,,612 x 936 pts,,data/raw/app/2025/app-2025-s2-updated.pdf,pending,,,,,
pmr-2025-s2,pmr,true,Procurement Monitoring Report as of 2nd Semester of 2025,V,Annual Procurement Plan,a. FY. 2025,2025,S2,,https://psc.gov.ph/psc_site/wp-content/uploads/2026/01/PROCUREMENT-MONITORING-REPORT-for-FY-2025-2nd-Semester-PSC.pdf,psc.gov.ph,psc,live,200,2026-09-18T00:14:16.284Z,application/pdf,230219,85b7794e31282b82035dd33f313aefc8d084fa7848171d5cac6cd488e48fb320,4,4-Heights™ PDF Library 3.4.0.6904 (http://www.pdf-tools.com),,792 x 612 pts (letter),,data/raw/pmr/2025/pmr-2025-s2.pdf,pending,,,,,
pmr-2025-s1,pmr,true,Philippine Sports Commission Procurement Monitoring Report as of 06/30/2025,V,Annual Procurement Plan,a. FY. 2025,2025,S1,,https://psc.gov.ph/psc_site/wp-content/uploads/2025/08/Procurement-Monitoring-Report-for-for-Fiscal-Year-2025-First-Semester-PSC.pdf,psc.gov.ph,psc,live,200,2026-09-18T00:14:16.535Z,application/pdf,17356602,3eb812bd73a1daa48921855f64277d56a9790ba261b3280c63bf861eb3052afd,5,,,1190.55 x 841.787 pts (A3),,data/raw/pmr/2025/pmr-2025-s1.pdf,pending,,,,,
app-certification-2025,app-certification,true,Posting Certification - Annual Procurement Plan FY 2025,V,Annual Procurement Plan,a. FY. 2025,2025,FY,,https://psc.gov.ph/psc_site/wp-content/uploads/2025/03/PostingCertificationofPSCAPPforFY2025.pdf,psc.gov.ph,psc,live,200,2026-09-18T00:14:16.247Z,application/pdf,137646,6159cebaca29c349849797601567d434671ec9e202846166c9db3f659c3bb8f7,1,Epson Scan 2,Fri Mar  7 06:08:45 2025 GMT,612 x 842 pts,,data/raw/app-certification/2025/app-certification-2025.pdf,pending,,,,,
app-2025,app,true,Annual Procurement Plan FY 2025,V,Annual Procurement Plan,a. FY. 2025,2025,FY,,https://psc.gov.ph/psc_site/wp-content/uploads/2025/03/PSCAPP2025.pdf,psc.gov.ph,psc,live,200,2026-09-18T00:14:17.467Z,application/pdf,831185,6ad01f2c9ff58a1f1ae8e62cfb834b8f566828f40afd089b8fb3a902213208fd,1,,,814 x 595 pts,,data/raw/app/2025/app-2025.pdf,pending,,,,,
pmr-2025,pmr,true,Philippine Sports Commission Procurement Monitoring Report as of 01/02/2025 on Negotiated Procurement,V,Annual Procurement Plan,a. FY. 2025,2025,FY,,https://psc.gov.ph/psc_site/wp-content/uploads/2025/01/ProcurementMonitoringReportasofjan022025onNegotiatedProcurement.pdf,psc.gov.ph,psc,live,200,2026-09-18T00:14:17.554Z,application/pdf,4522819,f046c5d7c0dde69f5f97c9d886bc819be13c04f4679f4478994eb74346c87abc,4,PDFium,Fri Jan 31 14:46:10 2025 GMT,1190 x 841 pts (A3),,data/raw/pmr/2025/pmr-2025.pdf,pending,,,,,
app-cse-2026,app-cse,true,Annual Procurement Plan - Common-Use-Supplies and Equipment (APP-CSE) 2026 Form,V,Annual Procurement Plan,a. FY. 2025,2026,FY,,https://psc.gov.ph/psc_site/wp-content/uploads/2025/10/APP-CSE.pdf,psc.gov.ph,psc,live,200,2026-09-18T00:14:17.574Z,application/pdf,5557552,a907970058dc714d7edeb679bd15ed7be607c0aad5087cc484397953b13e8f7e,8,,,936 x 611 pts,,data/raw/app-cse/2026/app-cse-2026.pdf,pending,,,,,
app-certification-2025-2,app-certification,true,Certification - Early Procurement Activities (EPA),V,Annual Procurement Plan,b. FY. 2024,2025,FY,,https://psc.gov.ph/psc_site/wp-content/uploads/2025/02/CERTIFICATIONUndertakingofEarlyProcurementActivitiesEPA.pdf,psc.gov.ph,psc,live,200,2026-09-18T00:14:17.443Z,application/pdf,703291,6c4041b4d5625f86b28ad2246b0dec8cbaeb3882aa31ecfead21136046d1ede0,1,,,593 x 817 pts,,data/raw/app-certification/2025/app-certification-2025-2.pdf,pending,,,,,
pmr-2024,pmr,true,Philippine Sports Commission Procurement Monitoring Report as of June 30. 2024,V,Annual Procurement Plan,b. FY. 2024,2024,FY,,https://psc.gov.ph/psc_site/wp-content/uploads/2024/07/PROCUREMENTMONITORINGREPORTJANUARYTOJUNE2024-1.pdf,psc.gov.ph,psc,live,200,2026-09-18T00:14:18.500Z,application/pdf,354186,3015946bfb15086210957d02091a0d162856f4c328757f80d27d5c7be9bce6ac,4,Microsoft® Excel® for Microsoft 365,Mon Jul 15 09:22:39 2024 BST,1190.4 x 841.71 pts (A3),,data/raw/pmr/2024/pmr-2024.pdf,pending,,,,,
app-2024-indicative,app,true,FY 2024 Indicative Annual Procurement Plan (APP),V,Annual Procurement Plan,b. FY. 2024,2024,FY,indicative,https://psc.gov.ph/psc_site/wp-content/uploads/2023/10/PSCIndicativeAnnualProcurementPlanforFY2024-1.pdf,psc.gov.ph,psc,live,200,2026-09-18T00:14:18.550Z,application/pdf,942255,1221fb743009db3cc9f0be0fc2bf0818ee18ebf28c794833de0e243633391409,1,,,903 x 612 pts,,data/raw/app/2024/app-2024-indicative.pdf,pending,,,,,
app-2024,app,true,FY 2024 Annual Procurement Plan (APP3,V,Annual Procurement Plan,b. FY. 2024,2024,FY,,https://psc.gov.ph/psc_site/wp-content/uploads/2024/01/APP013124.pdf,psc.gov.ph,psc,live,200,2026-09-18T00:14:18.553Z,application/pdf,870941,208d0256b3d8d4a0ef8b43ef880fc5fb2dd9376c36dfb664809b37cd17df9f65,1,,,903 x 610 pts,,data/raw/app/2024/app-2024.pdf,pending,,,,,
pmr-2024-s2,pmr,true,Philippine Sports Commission Procurement Monitoring Report as of 01/10/2024,V,Annual Procurement Plan,b. FY. 2024,2024,S2,,https://psc.gov.ph/psc_site/wp-content/uploads/2024/01/PROCUREMENTMONITORINGREPORTFOR2ndSemesterJulyDecember2023SubmittedFinalCopy.pdf,psc.gov.ph,psc,live,200,2026-09-18T00:14:18.546Z,application/pdf,466499,ba64df0dfb132466870d86bcac5058a6177abc441dfd27c107572903e7e9ca30,3,Microsoft® Excel® for Microsoft 365,Wed Jan 31 09:14:52 2024 GMT,799.422 x 584.73 pts,,data/raw/pmr/2024/pmr-2024-s2.pdf,pending,,,,,
app-2023-s2-supplemental,app,true,Annual Procurement Plan for 2023 (Updated/Supplemental Annual Procurement Plan No. 2 for FY 2023),V,Annual Procurement Plan,b. FY. 2024,2023,S2,supplemental,https://psc.gov.ph/psc_site/wp-content/uploads/2024/01/FY2023APPChangeswithin2ndSemester.pdf,psc.gov.ph,psc,live,200,2026-09-18T00:14:19.460Z,application/pdf,342397,fb9f8003fdb8c47131a1bf9d3085728b3129ef46a289013d47fbe639b97442de,5,Microsoft® Excel® for Microsoft 365,Wed Jan 31 09:40:49 2024 GMT,936 x 612 pts,,data/raw/app/2023/app-2023-s2-supplemental.pdf,pending,,,,,
app-certification-2023-supplemental,app-certification,true,Posting Certification - Supplemental Annual Procurement Plan No. 2 for FY 2023,V,Annual Procurement Plan,b. FY. 2024,2023,FY,supplemental,https://psc.gov.ph/psc_site/wp-content/uploads/2024/02/CertificateofPostingSupplementalAnnualProcurementPlanNo.2forFY20231.pdf,psc.gov.ph,psc,live,200,2026-09-18T00:14:19.468Z,application/pdf,74987,e6b84ca9c03d8a049e4c9026310a0c3c854f8c0de8d6490ac1ee7fa35bf724b8,1,Microsoft® Word for Microsoft 365,Wed Jan 31 13:38:06 2024 GMT,612 x 792 pts (letter),,data/raw/app-certification/2023/app-certification-2023-supplemental.pdf,pending,,,,,
app-certification-2024,app-certification,true,Posting Certification PSC-Annual Procurement Plan for FY 2024,V,Annual Procurement Plan,b. FY. 2024,2024,FY,,https://psc.gov.ph/psc_site/wp-content/uploads/2024/02/PostingCertificationPSCAPP20241.pdf,psc.gov.ph,psc,live,200,2026-09-18T00:14:19.476Z,application/pdf,373132,37da313a43604d7ac53238f000c9370d899e3119ac259706806cb1687f43f03a,1,,,594 x 816 pts,,data/raw/app-certification/2024/app-certification-2024.pdf,pending,,,,,
pmr-2023-s2,pmr,true,Posting Certification Procurement Monitoring Report for the 2nd Semester for FY 2023,V,Annual Procurement Plan,b. FY. 2024,2023,S2,,https://psc.gov.ph/psc_site/wp-content/uploads/2024/02/ProcurementMonitoringReportPostingCertification1.pdf,psc.gov.ph,psc,live,200,2026-09-18T00:14:19.473Z,application/pdf,80775,4d0af329641941f8b27a1867b82bc88506a8a454ff6208c510ba266764d5e6ec,1,Microsoft® Word for Microsoft 365,Wed Jan 31 13:57:33 2024 GMT,612 x 792 pts (letter),,data/raw/pmr/2023/pmr-2023-s2.pdf,pending,,,,,
app-2023-indicative,app,true,FY 2023 Indicative Annual Procurement Plan (APP),V,Annual Procurement Plan,c. FY. 2023,2023,FY,indicative,https://psc.gov.ph/psc_site/wp-content/uploads/2023/10/PSCIndicativeAnnualProcurementPlanforFY2023.pdf,psc.gov.ph,psc,live,200,2026-09-18T00:14:20.713Z,application/pdf,302082,e99cb9cc6195ca8817fd30e94503770f75af709bc930e70b1b35e634a5484ad3,1,Epson Scan 2,Tue Sep 27 01:21:18 2022 BST,938 x 605 pts,,data/raw/app/2023/app-2023-indicative.pdf,pending,,,,,
app-cse-2023,app-cse,true,Annual Procurement Plan-Common-Use Supplies and equipment(APP-CSE) 2023 Form,V,Annual Procurement Plan,c. FY. 2023,2023,FY,,https://psc.gov.ph/163657ecfe8f34/APPCSE2023_PhilippineSportsCommission.pdf,psc.gov.ph,,dead,404,,,,,,,,,,,unavailable,,,,,
app-2023,app,true,Annual Procurement Plan for FY 2023,V,Annual Procurement Plan,c. FY. 2023,2023,FY,,https://psc.gov.ph/162167ac6e4018/AnnualProcurementPlan_2023_PhilippineSportsCommission.pdf,psc.gov.ph,,dead,404,,,,,,,,,,,unavailable,,,,,
app-certification-2023,app-certification,true,FY 2023 Posting Certification APP - Philippine Sports Commission,V,Annual Procurement Plan,c. FY. 2023,2023,FY,,https://psc.gov.ph/psc_site/wp-content/uploads/2023/10/PostingCertificationAnnualProcurementPlan_2023_PhilippineSportsCommission_2.pdf,psc.gov.ph,psc,live,200,2026-09-18T00:14:20.664Z,application/pdf,276370,386392008a170a2d87098678e687c0cbb8e922660a36a1384912b54e4120de89,1,Epson Scan 2,Tue Jan 31 06:53:11 2023 GMT,594 x 847 pts,,data/raw/app-certification/2023/app-certification-2023.pdf,pending,,,,,
pmr-2023-s1,pmr,true,Philippine Sports Commission Procurement Monitoring Report 1st Semester FY 2023,V,Annual Procurement Plan,c. FY. 2023,2023,S1,,https://psc.gov.ph/46ef985779fc2/PhilippineSportsCommission_ProcurementMonitoringReport1stSemesterFY2023.pdf,psc.gov.ph,,dead,404,,,,,,,,,,,unavailable,,,,,
pmr-2023-s1-2,pmr,true,Posting Certification PMR 2023 1st Semester Philippine Sports Commission,V,Annual Procurement Plan,c. FY. 2023,2023,S1,,https://psc.gov.ph/psc_site/wp-content/uploads/2023/10/PostingCertification_PMR20231stSemester_PhilippineSportsCommission.pdf,psc.gov.ph,psc,live,200,2026-09-18T00:14:22.389Z,application/pdf,273773,3aece07a90a4f9e74f5001caf159436357c3520cc9c864e51692d93929bfa36c,1,Epson Scan 2,Fri Jul 14 09:38:58 2023 BST,594 x 847 pts,,data/raw/pmr/2023/pmr-2023-s1-2.pdf,pending,,,,,
app-non-cse-2023-s1-supplemental,app-non-cse,true,Supplemental APPNonCSE2023 1st Semester Philippine Sports Commission,V,Annual Procurement Plan,c. FY. 2023,2023,S1,supplemental,https://psc.gov.ph/ae03a7c3ba453/SupplementalAPPNonCSE2023_1stSemester_PhilippineSportsCommission.pdf,psc.gov.ph,,dead,404,,,,,,,,,,,unavailable,,,,,
app-certification-2023-s1-supplemental,app-certification,true,Posting Certification Supplemental APPNonCSE2023 1st Semester Philippine Sports Commission,V,Annual Procurement Plan,c. FY. 2023,2023,S1,supplemental,https://psc.gov.ph/psc_site/wp-content/uploads/2023/10/PostingCertification_SupplementalAPPNonCSE2023_1stSemester_PhilippineSportsCommission.pdf,psc.gov.ph,psc,live,200,2026-09-18T00:14:22.413Z,application/pdf,148429,9e58b06ebc112fd1fbf8a0eca234f679491c3f56474640b36c7e67e84f09821e,1,Microsoft® Word for Microsoft 365,Fri Jul 28 08:26:33 2023 BST,595.32 x 841.92 pts (A4),,data/raw/app-certification/2023/app-certification-2023-s1-supplemental.pdf,pending,,,,,
app-certification-2022,app-certification,true,FY 2022 Posting Certification APP - Philippine Sports Commission,V,Annual Procurement Plan,d. FY. 2022,2022,FY,,https://psc.gov.ph/Transparency%20Seal/2022/Posting%20Certification%20-%20APP%202022.pdf,psc.gov.ph,psc,live,200,2026-09-18T00:14:23.800Z,application/pdf,43886,fcabe1151ff276723f3411984283a9179cdf290039c6e422bcad0bc4257b6c68,1,Microsoft® Word for Microsoft 365,Fri Jan 28 01:02:57 2022 GMT,594.96 x 842.04 pts (A4),,data/raw/app-certification/2022/app-certification-2022.pdf,pending,,,,,
app-2022,app,true,FY 2022 Annual Procurement Plan (APP),V,Annual Procurement Plan,d. FY. 2022,2022,FY,,https://psc.gov.ph/Transparency%20Seal/2022/Annual%20Procurement%20Plan_2022_Philippine%20Sports%20Commission_signed.pdfhttps://psc.gov.ph/Transparency%20Seal/2022/Annual%20Procurement%20Plan_2022_Philippine%20Sports%20Commission_signed.pdf,psc.gov.ph,psc,live,,,,1678757,14ea0312fe9934e6c63804ae74668c813c2d4d1f21b1c9504dae6835ae67434a,1,Epson Scan 2,Thu Jan 27 06:34:51 2022 GMT,611 x 937 pts,,data/raw/app/2022/app-2022.pdf,pending,,,,,
app-certification-2022-2,app-certification,true,FY 2022 Certification - Early Procurement Activities,V,Annual Procurement Plan,d. FY. 2022,2022,FY,,https://psc.gov.ph/Transparency%20Seal/2022/PSC_Certification_Early%20Procurement%20Activities%202022.pdf,psc.gov.ph,psc,live,200,2026-09-18T00:14:23.847Z,application/pdf,740474,dd63fdfdf3b8554f19aaedaa7339d2bf4449d61f67173b1fdc6a31af76a26209,1,Epson Scan 2,Fri Jan 28 00:43:13 2022 GMT,595 x 840 pts,,data/raw/app-certification/2022/app-certification-2022-2.pdf,pending,,,,,
app-2022-indicative,app,true,FY 2022 Indicative Annual Procurement Plan (APP),V,Annual Procurement Plan,d. FY. 2022,2022,FY,indicative,https://psc.gov.ph/Transparency%20Seal/2021/Indicative%20APP_2022_Philippine%20Sports%20Commission_signed.pdf,psc.gov.ph,psc,live,200,2026-09-18T00:14:23.811Z,application/pdf,846772,14ce329de2992292f586ec5ee7b611a963277c813afa4ba55aa81d5e9d041d68,1,Epson Scan 2,Wed Sep 29 08:21:52 2021 BST,611 x 935 pts,,data/raw/app/2022/app-2022-indicative.pdf,pending,,,,,
app-cse-2022,app-cse,true,FY 2022 APP-CSE,V,Annual Procurement Plan,d. FY. 2022,2022,FY,,https://psc.gov.ph/Transparency%20Seal/2021/APP-CSE-_2022_Philippine%20Sports%20Commission_signed.pdf,psc.gov.ph,psc,live,200,2026-09-18T00:14:23.965Z,application/pdf,8917392,f2cea87378b9ecec80ffe92235a40a0f5bebcc155921b5d5c87ea5d98e89be85,12,Epson Scan 2,Thu Sep  9 04:51:40 2021 BST,611 x 937 pts,,data/raw/app-cse/2022/app-cse-2022.pdf,pending,,,,,
app-2022-s1,app,true,FY 2022 Procurement Monitoring 1st Semester Report,V,Annual Procurement Plan,d. FY. 2022,2022,S1,,https://psc.gov.ph/112e4ebc1d8118/PMR1stSemesterFY2022.pdf,psc.gov.ph,,dead,404,,,,,,,,,,,unavailable,,,,,
app-2022-s1-updated,app,true,FY 2022 Annual Procurement Plan(APP) (1st Update),V,Annual Procurement Plan,d. FY. 2022,2022,S1,updated,https://psc.gov.ph/1ef56f406a7c5b/SupplementalAPPNonCSE2022_1stSemester_PhilippineSportsCommission_signed.pdf,psc.gov.ph,,dead,404,,,,,,,,,,,unavailable,,,,,
app-2022-s2-updated,app,true,FY 2022 Annual Procurement Plan(APP)(2nd Update),V,Annual Procurement Plan,d. FY. 2022,2022,S2,updated,https://psc.gov.ph/48ec77a551637/SupplementalAPPNonCSE2022_2ndSemester_PhilippineSportsCommission_signed.pdf,psc.gov.ph,,dead,404,,,,,,,,,,,unavailable,,,,,
app-non-cse-2021-s2-supplemental,app-non-cse,true,FY 2021 Supplemental APP Non-CSE 2nd Sem,V,Annual Procurement Plan,e. FY. 2021,2021,S2,supplemental,https://psc.gov.ph/Transparency%20Seal/2021/PSC_Supplemental%20APPNonCSE2021_2nd%20Semester_signed.pdf,psc.gov.ph,psc,live,200,2026-09-18T00:14:25.071Z,application/pdf,3130943,bb4ec3ffe5294584dae568bd17b1a26122d5e3ab5bcc52818a0464f81092c2db,3,Epson Scan 2,Thu Jan 27 06:37:28 2022 GMT,611 x 935 pts,,data/raw/app-non-cse/2021/app-non-cse-2021-s2-supplemental.pdf,pending,,,,,
app-2021-s2,app,true,FY 2021 Procurement Monitoring 2nd Sem Report,V,Annual Procurement Plan,e. FY. 2021,2021,S2,,https://psc.gov.ph/Transparency%20Seal/2021/Procurement%20Monitoring%20Report_2nd%20Sem%202021_Philippine%20Sports%20Commission_signed.pdf,psc.gov.ph,psc,live,200,2026-09-18T00:14:26.647Z,application/pdf,536269,5e23e58d11bacb0e90253f1e426dcda95691b6d5ae56f5f7aa93dd3a9fe6caec,11,Microsoft® Excel® for Microsoft 365,Thu Jan 13 10:30:09 2022 GMT,792 x 612 pts (letter),,data/raw/app/2021/app-2021-s2.pdf,pending,,,,,
app-2021-supplemental,app,true,FY 2021 Supplemental APP - 1st Update,V,Annual Procurement Plan,e. FY. 2021,2021,FY,supplemental,https://psc.gov.ph/Transparency%20Seal/2021/Supplemental%20072921.pdf,psc.gov.ph,psc,live,200,2026-09-18T00:14:26.768Z,application/pdf,1172582,2c51fdc418cfc3d4b6f8afeace5aa6b1a341776ad43977f3ceed9f5746908cdb,3,,,936 x 612 pts,,data/raw/app/2021/app-2021-supplemental.pdf,pending,,,,,
app-2021-s1,app,true,FY 2021 Procurement Monitoring 1st Sem Report,V,Annual Procurement Plan,e. FY. 2021,2021,S1,,https://psc.gov.ph/Transparency%20Seal/2021/FY2021%20Procurement%20Monitoring%201st%20Sem%20Report.pdf,psc.gov.ph,psc,live,200,2026-09-18T00:14:26.798Z,application/pdf,2686222,6074442d0d209616a0bc4ae23eb7bb4b130721fd62ea142e2211210e42daa6f7,7,,,594 x 846 pts,,data/raw/app/2021/app-2021-s1.pdf,pending,,,,,
app-certification-2021,app-certification,true,FY 2021 Posting Certification APP - Philippine Sports Commission,V,Annual Procurement Plan,e. FY. 2021,2021,FY,,https://psc.gov.ph/Transparency%20Seal/2021/Posting%20Certification%20APP2021.pdf,psc.gov.ph,psc,live,200,2026-09-18T00:14:26.571Z,application/pdf,84918,039b85487af3b6fa87b33fb1c8c68bc3a1bf6a7055f36d5c41f4cf10c440ed95,2,Epson Scan 2,Thu Jan 28 03:43:45 2021 GMT,594.96 x 842.04 pts (A4),,data/raw/app-certification/2021/app-certification-2021.pdf,pending,,,,,
app-certification-2021-2,app-certification,true,FY 2021 Certification EPA - Philippine Sports Commission,V,Annual Procurement Plan,e. FY. 2021,2021,FY,,https://psc.gov.ph/Transparency%20Seal/2021/Certification_EPA%202021_Philippine%20Sports%20Commission.pdf,psc.gov.ph,psc,live,200,2026-09-18T00:14:27.825Z,application/pdf,528970,b6083e368ab9bc764a42ead2ac19b734b9b689dc379e82b4dd286c9e08613786,3,Epson Scan 2,Thu Jan 28 00:58:39 2021 GMT,597 x 846 pts,,data/raw/app-certification/2021/app-certification-2021-2.pdf,pending,,,,,
app-non-cse-2021-s1,app-non-cse,true,FY 2021 APP Non CSE,V,Annual Procurement Plan,e. FY. 2021,2021,S1,,https://psc.gov.ph/1ef56f406a7c5b/SupplementalAPPNonCSE2022_1stSemester_PhilippineSportsCommission_signed.pdf,psc.gov.ph,,dead,404,,,,,,,,,,,unavailable,,,,,
app-cse-2021,app-cse,true,FY 2021 APP-CSE,V,Annual Procurement Plan,e. FY. 2021,2021,FY,,https://psc.gov.ph/Transparency%20Seal/2020/APP2021_Philippine%20Sports%20Commission_Main.pdf,psc.gov.ph,psc,live,200,2026-09-18T00:14:28.016Z,application/pdf,12051119,5c1e831ec9d0269dae19fc42ffcc47ab7e1bb82cb066fe12f0cd9ccdadfef827,18,Epson Scan 2,Thu Nov 19 08:15:47 2020 GMT,611 x 941 pts,,data/raw/app-cse/2021/app-cse-2021.pdf,pending,,,,,
app-2021-indicative,app,true,FY 2021 Indicative APP,V,Annual Procurement Plan,e. FY. 2021,2021,FY,indicative,https://psc.gov.ph/Transparency%20Seal/2020/Indicative%20APP_2021_signed.pdf,psc.gov.ph,psc,live,200,2026-09-18T00:14:27.846Z,application/pdf,413141,923e92e985199983bff828d007db9a5574096ea552633fe9fc896fd1f159e8fa,1,,,936 x 612 pts,,data/raw/app/2021/app-2021-indicative.pdf,pending,,,,,
apcpi-2020,apcpi,true,FY 2020 APCPI Initial Results - Philippine Sports Commission,V,Annual Procurement Plan,f. FY. 2020,2020,FY,,https://psc.gov.ph/Transparency%20Seal/2021/2020%20APCPI%20Initial%20Results_Philippine%20Sports%20Commission_signed.pdf,psc.gov.ph,psc,live,200,2026-09-18T00:14:28.608Z,application/pdf,942409,9db40141adb73c9349f79196cd0e568e40903326f8c07a1ffa5b67eeb43d9ed7,18,,Mon Apr 19 05:57:49 2021 BST,792 x 612 pts (letter),,data/raw/apcpi/2020/apcpi-2020.pdf,pending,,,,,
app-2020-s2,app,true,FY 2020 Procurement Monitoring 2nd Sem Report,V,Annual Procurement Plan,f. FY. 2020,2020,S2,,https://psc.gov.ph/Transparency%20Seal/2021/Procurement%20Monitoring%20Report_2nd%20Sem_2020_Philippine%20Sports%20Commission.pdf,psc.gov.ph,psc,live,200,2026-09-18T00:14:28.668Z,application/pdf,2532926,24a0a35746caff6d78daa8f5287b599f277e6d833bfd958127487e0126106db1,9,Epson Scan 2,Mon Jan 18 07:34:36 2021 GMT,611 x 939 pts,,data/raw/app/2020/app-2020-s2.pdf,pending,,,,,
app-cse-2020,app-cse,true,FY 2020 APP-CSE,V,Annual Procurement Plan,f. FY. 2020,2020,FY,,https://psc.gov.ph/Transparency%20Seal/2019/PSC%20APPCSE2020.pdf,psc.gov.ph,psc,live,200,2026-09-18T00:14:28.820Z,application/pdf,11851577,589c3004b3997c6dfa8d16a84faea3fdf052c9dc66b2def2415870f0321e2d60,25,,,936 x 612 pts,,data/raw/app-cse/2020/app-cse-2020.pdf,pending,,,,,
app-non-cse-2020,app-non-cse,true,FY 2020 APP-Non-CSE,V,Annual Procurement Plan,f. FY. 2020,2020,FY,,https://psc.gov.ph/Transparency%20Seal/2020/APP%20Non-CSE%202020.pdf,psc.gov.ph,psc,live,200,2026-09-18T00:14:28.603Z,application/pdf,860659,b2bad5944b0e7b9698fd8624b5e4dd681d846240898cfafbc453f0bd9d28edcf,2,CreationDate:    Mon Feb 17 06:08:45 2020 GMT,Mon Feb 17 06:08:45 2020 GMT,936 x 612 pts,,data/raw/app-non-cse/2020/app-non-cse-2020.pdf,pending,,,,,
app-2020-supplemental,app,true,FY 2020 Supplemental APP - 2nd Update,V,Annual Procurement Plan,f. FY. 2020,2020,FY,supplemental,https://psc.gov.ph/Transparency%20Seal/2021/Supplemental%20APP_2020_2nd%20Update_Philippine%20Sports%20Commission_signed.pdf,psc.gov.ph,psc,live,200,2026-09-18T00:14:29.741Z,application/pdf,277464,fd70a82db1b3cb4e5e47e2179c39328d3660ce2a7bc42ea1ada82279b8cf2284,2,Microsoft® Excel® for Microsoft 365,Mon Apr 19 04:40:41 2021 BST,1008 x 612 pts,,data/raw/app/2020/app-2020-supplemental.pdf,pending,,,,,
app-non-cse-2020-supplemental,app-non-cse,true,FY 2020 Supplemental APP - 1st Update (Non-CSE),V,Annual Procurement Plan,f. FY. 2020,2020,FY,supplemental,https://psc.gov.ph/Transparency%20Seal/2020/Supplemental%20APPNONCSE2020_signed.pdf,psc.gov.ph,psc,live,200,2026-09-18T00:14:29.771Z,application/pdf,439788,58b0d410a6fe73a20e15bd6d9248f79d187ff2e1ecdfac78217d9f70c1c6ee28,2,,,936 x 612 pts,,data/raw/app-non-cse/2020/app-non-cse-2020-supplemental.pdf,pending,,,,,
app-2020-s1,app,true,FY 2020 Procurement Monitoring 1st Sem Report,V,Annual Procurement Plan,f. FY. 2020,2020,S1,,https://psc.gov.ph/Transparency%20Seal/2020/Procurement%20Monitoring%20Report_Q12020.pdf,psc.gov.ph,psc,live,200,2026-09-18T00:14:29.766Z,application/pdf,352656,f7e74b0a8421c88f13852325db030b010dd5b40779ee5dad2d7368c24078f77d,7,,,936 x 612 pts,,data/raw/app/2020/app-2020-s1.pdf,pending,,,,,
app-non-cse-2020-indicative,app-non-cse,true,FY 2020 Indicative APP-Non-CSE,V,Annual Procurement Plan,f. FY. 2020,2020,FY,indicative,https://psc.gov.ph/Transparency%20Seal/2020/Indicative%20APP%20Non-CSE%202020.pdf,psc.gov.ph,psc,live,200,2026-09-18T00:14:29.778Z,application/pdf,1960996,4b051d945bf12068495f5629acd3f6cb4c67756ee41a69bfaa589f76b33e2351,2,CreationDate:    Mon Feb 17 06:08:45 2020 GMT,Mon Feb 17 06:08:45 2020 GMT,945.84 x 610.08 pts,,data/raw/app-non-cse/2020/app-non-cse-2020-indicative.pdf,pending,,,,,
app-certification-2020,app-certification,true,FY 2020 Philgeps-Certificate of Compliance (Early Procurement Activities),V,Annual Procurement Plan,f. FY. 2020,2020,FY,,https://psc.gov.ph/Transparency%20Seal/2020/PSA%20CERTIFICATION%20NO%20EPA%202020.pdf,psc.gov.ph,psc,live,200,2026-09-18T00:14:30.228Z,application/pdf,601549,dde1a58009e7279b744526aa56c13ab89bdf5837a5af8f63d0a582e0e683d7b7,3,,,595.08 x 841.68 pts (A4),,data/raw/app-certification/2020/app-certification-2020.pdf,pending,,,,,
app-cse-2019,app-cse,true,FY 2019 APP-CSE,V,Annual Procurement Plan,g. FY. 2019,2019,FY,,https://psc.gov.ph/Transparency%20Seal/2020/PSC%20APP-CSE%202019.pdf,psc.gov.ph,psc,live,200,2026-09-18T00:14:30.233Z,application/pdf,238649,476532559d222bde312880b864a06587284f68936bb4914bf275fac11b8b73be,8,Adobe PDF Library 11.0,Mon Jan 27 19:30:50 2020 GMT,1214.46 x 737.349 pts,,data/raw/app-cse/2019/app-cse-2019.pdf,pending,,,,,
app-non-cse-2019,app-non-cse,true,FY 2019 APP-Non-CSE,V,Annual Procurement Plan,g. FY. 2019,2019,FY,,https://psc.gov.ph/Transparency%20Seal/2020/PSC%20APP-Non-CSE%202019.pdf,psc.gov.ph,psc,live,200,2026-09-18T00:14:30.221Z,application/pdf,214825,a85fba117e4bbda8cf64cd112e7f0eb4f5e5d6a2736356c2d9bb9f7dab9c4b72,3,Adobe PDF Library 11.0,Mon Jan 27 19:30:50 2020 GMT,613 x 919 pts,,data/raw/app-non-cse/2019/app-non-cse-2019.pdf,pending,,,,,
app-2018,app,true,Y 2018 PSC APP,V,Annual Procurement Plan,h. FY. 2019,2018,FY,,https://psc.gov.ph/Transparency%20Seal/2018/PSC%20APP%20FY2018.pdf,psc.gov.ph,psc,live,200,2026-09-18T00:14:30.248Z,application/pdf,665045,5fc9bde63dbe29aad2db565ae4c859fed412283ed7f9ec4e584d3bd083bf83e8,16,Adobe PDF Library 11.0,Sat Jun 30 01:06:41 2018 BST,1008 x 612 pts,,data/raw/app/2018/app-2018.pdf,pending,,,,,
iso-2015,iso,false,a. PSC ISO 9001:2015 Certificate (Issued September 2024),VI,QMS Certification of at least one core process by an international certifying body (ICB),a. PSC ISO 9001:2015 Certificate (Issued September 2024),2015,FY,,https://psc.gov.ph/Transparency%20Seal/2022/PSC%20ISO_SEC%20Cert%20ISSUED%20DEC2022.pdf,psc.gov.ph,,not-fetched,,,,,,,,,,,,skipped,,,,,
iso-2015-2,iso,false,b. PSC ISO 9001:2015 Certificate (Issued December 2022),VI,QMS Certification of at least one core process by an international certifying body (ICB),b. PSC ISO 9001:2015 Certificate (Issued December 2022),2015,FY,,https://psc.gov.ph/Transparency%20Seal/2022/PSC%20ISO_SEC%20Cert%20ISSUED%20DEC2022.pdf,psc.gov.ph,,not-fetched,,,,,,,,,,,,skipped,,,,,
iso-2024,iso,false,Attestation Certificate for CY 2024,VI,QMS Certification of at least one core process by an international certifying body (ICB),b. PSC ISO 9001:2015 Certificate (Issued December 2022),2024,FY,,https://psc.gov.ph/psc_site/wp-content/uploads/2025/05/ACertPhilippineSportsCommission.pdf,psc.gov.ph,,not-fetched,,,,,,,,,,,,skipped,,,,,
iso-2023,iso,false,Attestation Certificate for CY 2023,VI,QMS Certification of at least one core process by an international certifying body (ICB),b. PSC ISO 9001:2015 Certificate (Issued December 2022),2023,FY,,https://psc.gov.ph/psc_site/wp-content/uploads/2024/02/ACertPhilippineSportsCommission.pdf,psc.gov.ph,,not-fetched,,,,,,,,,,,,skipped,,,,,
iso-2015-3,iso,false,PSC ISO 9001:2015 Certificate (Issued September 2019),VI,QMS Certification of at least one core process by an international certifying body (ICB),c. PSC ISO 9001:2015 Certificate (Issued September 2019),2015,FY,,"https://psc.gov.ph/Transparency%20Seal/2022/SOCOTEC%20CERTIFICATION%20DATED%20SEPTEMBER%204,%202019.pdf",psc.gov.ph,,not-fetched,,,,,,,,,,,,skipped,,,,,
iso-2021,iso,false,Attestation Certificate for CY 2021,VI,QMS Certification of at least one core process by an international certifying body (ICB),c. PSC ISO 9001:2015 Certificate (Issued September 2019),2021,FY,,https://psc.gov.ph/Transparency%20Seal/2021/SCI%20Attestation%20Certificate%202021%20(PSC).pdf,psc.gov.ph,,not-fetched,,,,,,,,,,,,skipped,,,,,
iso-2020,iso,false,Attestation Certificate for CY 2020,VI,QMS Certification of at least one core process by an international certifying body (ICB),c. PSC ISO 9001:2015 Certificate (Issued September 2019),2020,FY,,https://psc.gov.ph/Transparency%20Seal/2020/PSC_SCPI-Attestation-Certificate-Surveillance.pdf,psc.gov.ph,,not-fetched,,,,,,,,,,,,skipped,,,,,
iso-unknown,iso,false,Quality Management Manual,VI,QMS Certification of at least one core process by an international certifying body (ICB),c. PSC ISO 9001:2015 Certificate (Issued September 2019),,FY,,https://psc.gov.ph/Transparency%20Seal/QMS/PSC%20Quality%20Manual.pdf,psc.gov.ph,,not-fetched,,,,,,,,,,,,skipped,,,,,
ranking-delivery-units-2023,ranking-delivery-units,false,VII. System of Ranking Delivery Units (No changes),VII,System of Ranking Delivery Units,,2023,FY,,https://psc.gov.ph/psc_site/wp-content/uploads/2024/01/GuidelinesfortheGrantofPBB2023.pdf,psc.gov.ph,,not-fetched,,,,,,,,,,,,skipped,,,,,
saln-review-2024,saln-review,false,VIII. Agency Review and Compliance Procedure of Statements and Financial Disclosure (No Changes),VIII,Agency Review and Compliance Procedure of Statements and Financial Disclosure,,2024,FY,,https://psc.gov.ph/psc_site/wp-content/uploads/2024/03/S.O20232024-1.pdf,psc.gov.ph,,not-fetched,,,,,,,,,,,,skipped,,,,,
foi-2026,foi,true,English,IX,Freedom of Information (FOI),,2026,FY,,https://psc.gov.ph/psc_site/wp-content/uploads/2026/05/FOIOnePageManual-2026-English.pdf,psc.gov.ph,psc,live,200,2026-09-18T00:14:31.313Z,application/pdf,99796,510af9d35de29ec5a71f0396766112828cdb610192c3edd1a876e646330ebfe9,1,Adobe Acrobat 11.0.23 Image Conversion Plug-in,Wed Jan 20 01:18:28 2021 GMT,595.2 x 841.92 pts (A4),,data/raw/foi/2026/foi-2026.pdf,pending,,,,,
foi-2025,foi,true,Tagalog,IX,Freedom of Information (FOI),,2025,FY,,https://psc.gov.ph/psc_site/wp-content/uploads/2026/05/ONE-Page-Manual2025-Tagalog.pdf,psc.gov.ph,psc,live,200,2026-09-18T00:14:31.320Z,application/pdf,176767,40aadc74cf5c4fbeb77a55696b5b7079c7acb7f3987991f2353ffc9440a58567,1,Microsoft® Word for Microsoft 365,Mon Sep  8 03:43:19 2025 BST,595.32 x 841.92 pts (A4),,data/raw/foi/2025/foi-2025.pdf,pending,,,,,
foi-2026-2,foi,true,Manual,IX,Freedom of Information (FOI),,2026,FY,,https://psc.gov.ph/psc_site/wp-content/uploads/2026/05/FOI012720251342342.pdf,psc.gov.ph,psc,live,200,2026-09-18T00:14:31.399Z,application/pdf,8034427,918fcc0809ef38f0d9ccfd705707d90b748ad703007627201eac07f8daf20140,19,Adobe Acrobat (64-bit) 25.1.20997,Tue Jan 13 08:08:19 2026 GMT,595.32 x 841.92 pts (A4),,data/raw/foi/2026/foi-2026-2.pdf,pending,,,,,
foi-2025-2,foi,true,FOI Reports,IX,Freedom of Information (FOI),,2025,FY,,https://psc.gov.ph/psc_site/wp-content/uploads/2026/05/2025-FOI-Reports-for-Submission-to-FOI-2.xlsx,psc.gov.ph,psc,live,200,2026-09-18T00:14:31.303Z,application/vnd.openxmlformats-officedocument.spreadsheetml.sheet,109608,418bece6a0ead08f54137b2bada3e44c56f2f89aea7edfdd6b42eadf67a50a2a,,,,,,data/raw/foi/2025/foi-2025-2.xlsx,pending,,,,,
foi-2026-3,foi,true,Certificate of Compliance,IX,Freedom of Information (FOI),,2026,FY,,https://psc.gov.ph/psc_site/wp-content/uploads/2026/05/CERT_PSC.pdf,psc.gov.ph,psc,live,200,2026-09-18T00:14:32.312Z,application/pdf,529625,aa0bd982483a8d6d1d0aaaebb29922434b0469695cbeea3e8e5a0bf0cf9a4d99,1,ApeosPort-VI C5571,Fri Jan 30 09:10:02 2026 GMT,842.4 x 595.44 pts (A4),,data/raw/foi/2026/foi-2026-3.pdf,pending,,,,,
foi-2026-4,foi,true,FOI Narrative Feedback Report,IX,Freedom of Information (FOI),,2026,FY,,https://psc.gov.ph/psc_site/wp-content/uploads/2026/06/foi-request-narrative-feedback-report-2.pdf,psc.gov.ph,psc,live,200,2026-09-18T00:14:32.321Z,application/pdf,852828,f2fc77837c5031b3a35361d012441f86b23cbcea0a1f2fb335da98864823494f,10,,Fri Jan 30 03:40:05 2026 GMT,596.16 x 842.04 pts (A4),,data/raw/foi/2026/foi-2026-4.pdf,pending,,,,,
citizens-charter-2024,citizens-charter,false,a. Citizen's Charter Handbook,X,Citizen's Charter,a. Citizen's Charter Handbook,2024,FY,,https://psc.gov.ph/psc_site/wp-content/uploads/2024/03/PSC2024CitizensCharter5thEdition.pdf,psc.gov.ph,,not-fetched,,,,,,,,,,,,skipped,,,,,
citizens-charter-2026,citizens-charter,false,2026 1st Edition,X,Citizen's Charter,a. Citizen's Charter Handbook,2026,FY,,https://psc.gov.ph/n4321/wp-content/uploads/2026/05/Citizens-Charter-2026.pdf,psc.gov.ph,,not-fetched,,,,,,,,,,,,skipped,,,,,
citizens-charter-2024-2,citizens-charter,false,a. Citizen's Charter Handbook,X,Citizen's Charter,a. Citizen's Charter Handbook,2024,FY,,https://psc.gov.ph/psc_site/wp-content/uploads/2024/03/PSC2024CitizensCharter5thEdition.pdf,psc.gov.ph,,not-fetched,,,,,,,,,,,,skipped,,,,,
citizens-charter-2025,citizens-charter,false,2025 1st Edition,X,Citizen's Charter,a. Citizen's Charter Handbook,2025,FY,,https://psc.gov.ph/psc_site/wp-content/uploads/2025/03/PSC2025CitizensCharter1stEdition.pdf,psc.gov.ph,,not-fetched,,,,,,,,,,,,skipped,,,,,
citizens-charter-2024-3,citizens-charter,false,2024 5th Edition,X,Citizen's Charter,a. Citizen's Charter Handbook,2024,FY,,https://psc.gov.ph/psc_site/wp-content/uploads/2024/03/PSC2024CitizensCharter5thEdition.pdf,psc.gov.ph,,not-fetched,,,,,,,,,,,,skipped,,,,,
citizens-charter-2023,citizens-charter,false,2023 4th Edition,X,Citizen's Charter,a. Citizen's Charter Handbook,2023,FY,,https://psc.gov.ph/psc_site/wp-content/uploads/2024/03/PSCCitizensCharter20234thEdition_1.pdf,psc.gov.ph,,not-fetched,,,,,,,,,,,,skipped,,,,,
citizens-charter-2022,citizens-charter,false,2022 3rd Edition,X,Citizen's Charter,a. Citizen's Charter Handbook,2022,FY,,https://psc.gov.ph/Transparency%20Seal/2022/PSC-Citizens-Charter-2022-3rd-Edition.pdf,psc.gov.ph,,not-fetched,,,,,,,,,,,,skipped,,,,,
citizens-charter-2021,citizens-charter,false,2021 2nd Edition,X,Citizen's Charter,a. Citizen's Charter Handbook,2021,FY,,https://psc.gov.ph/Transparency%20Seal/Citizens%20Charter/2022/PSC-Citizens-Charter-2021-2nd-Edition.pdf,psc.gov.ph,,not-fetched,,,,,,,,,,,,skipped,,,,,
citizens-charter-2020,citizens-charter,false,2020 1st Edition,X,Citizen's Charter,a. Citizen's Charter Handbook,2020,FY,,https://psc.gov.ph/Transparency%20Seal/Citizens%20Charter/2022/PSC%20Citizen's%20Charter%20Handbook%20-%202020%201st%20Edition.pdf,psc.gov.ph,,not-fetched,,,,,,,,,,,,skipped,,,,,
pbb-2023,pbb,true,b.1 FY 2023 Agency Scorecard,XI,Performance-Based Bonus (PBB),,2023,FY,,https://psc.gov.ph/psc_site/wp-content/uploads/2025/02/PSC_2023Scorecards.pdf,psc.gov.ph,psc,live,200,2026-09-18T00:14:32.284Z,application/pdf,398427,48ef385723731040c21c266bb3c82f2893cf75cb05a6a2631e764ab45cf30083,1,Skia/PDF m131,Mon Jan 13 07:32:02 2025 GMT,595.92 x 842.88 pts (A4),,data/raw/pbb/2023/pbb-2023.pdf,pending,,,,,
pbb-2022,pbb,true,Isolation Letter,XI,Performance-Based Bonus (PBB),,2022,FY,,https://psc.gov.ph/psc_site/wp-content/uploads/2024/01/PSC_FY2022IsolationLetter.pdf,psc.gov.ph,psc,live,200,2026-09-18T00:14:32.513Z,application/pdf,2130327,0b4639abb7940ffda78f292db03df37fce4e04d029ce7dc1d638f7a97de1dfab,7,3-Heights™ PDF Toolbox API 6.12.0.6 (http://www.pdf-tools.com),Wed Dec  6 09:36:10 2023 GMT,597.25 x 850.7 pts,,data/raw/pbb/2022/pbb-2022.pdf,pending,,,,,
pbb-2022-2,pbb,true,FY 2022 Agency Scorecard,XI,Performance-Based Bonus (PBB),,2022,FY,,https://psc.gov.ph/psc_site/wp-content/uploads/2024/01/PSC_2022Scorecard.pdf,psc.gov.ph,psc,live,200,2026-09-18T00:14:33.615Z,application/pdf,1484327,25576f544a694e1e1392c29f43191c6af96deacabe2226dcd51c13e0204cfdbd,1,,,900 x 1724.88 pts,,data/raw/pbb/2022/pbb-2022-2.pdf,pending,,,,,
pbb-2021,pbb,true,c.2021,XI,Performance-Based Bonus (PBB),,2021,FY,,https://psc.gov.ph/psc_site/wp-content/uploads/2024/03/PSC_FY2021PBBDisqualificationLetter.pdf,psc.gov.ph,psc,live,200,2026-09-18T00:14:33.656Z,application/pdf,4310491,535c09986519e14474688fb2e5c199bfa75d1d83a816c6a0b18e48e2327111e5,6,iLovePDF,,598 x 852 pts,,data/raw/pbb/2021/pbb-2021.pdf,pending,,,,,
pbb-2020,pbb,true,d.2020,XI,Performance-Based Bonus (PBB),,2020,FY,,https://psc.gov.ph/psc_site/wp-content/uploads/2024/03/2020DLAgencyScorecard-1.pdf,psc.gov.ph,psc,live,200,2026-09-18T00:14:33.595Z,application/pdf,472843,cad4be868691e106640fbdc57a4df489ef96651ee3e099dab1c8d5d3f6351475,7,,,792 x 612 pts (letter),,data/raw/pbb/2020/pbb-2020.pdf,pending,,,,,
pbb-2019,pbb,true,e. 2019,XI,Performance-Based Bonus (PBB),,2019,FY,,https://psc.gov.ph/psc_site/wp-content/uploads/2024/03/2019DLAGENCYSCORECARD.pdf,psc.gov.ph,psc,live,200,2026-09-18T00:14:33.699Z,application/pdf,855809,6782ae862ce61f726aa89d17397a84cc4a1ee9c59329d1ec6fda3e4e2deaeb1f,5,,,792 x 612 pts (letter),,data/raw/pbb/2019/pbb-2019.pdf,pending,,,,,
pbb-2018,pbb,true,f. 2018,XI,Performance-Based Bonus (PBB),,2018,FY,,https://psc.gov.ph/psc_site/wp-content/uploads/2024/03/2018DLAgencyScorecard.pdf,psc.gov.ph,psc,live,200,2026-09-18T00:14:34.373Z,application/pdf,852208,8ffbc2328c4828cb9f0a6193cd1b47bc5b70b34f4595013ea4ce7822a98c7728,5,,,595.32 x 841.92 pts (A4),,data/raw/pbb/2018/pbb-2018.pdf,pending,,,,,
arta-2024,arta,false,XII. Committee on Anti-Red Tape Act,XII,Committee on Anti-Red Tape Act,,2024,FY,,https://psc.gov.ph/psc_site/wp-content/uploads/2024/03/PhilippineSportsCommission_SpecialOrder24021_02222024.pdf,psc.gov.ph,,not-fetched,,,,,,,,,,,,skipped,,,,,
